Employee ID,Age,Department,Job Role,Distance From Home,Monthly Income,Years At Company,Attrition
EMP-99CCA574,42,Sales,Sales Executive,13,3834,4,No
EMP-7BFE82FA,35,Research & Development,Research Scientist,1,3719,10,No
EMP-36C9CB91,53,Sales,Regional Manager,1,10520,17,No
EMP-139E5051,33,Customer Support,Support Specialist,2,4651,1,No
EMP-C4A7949A,40,Sales,Sales Executive,5,2000,1,Yes
EMP-6341C6CC,27,Research & Development,Laboratory Technician,3,4377,2,No
EMP-39445B35,52,Customer Support,Customer Success Manager,2,9329,3,No
EMP-736B97FE,32,Customer Support,Customer Success Manager,9,9733,0,No
EMP-DEA33D60,31,Sales,Sales Executive,11,3649,2,No
EMP-F1C3C3E1,37,Human Resources,HR Business Partner,1,4730,12,No
EMP-7B0EEDC1,46,Human Resources,HR Generalist,3,2534,3,Yes
EMP-21570E0F,24,Sales,Sales Representative,34,4236,6,No
EMP-76EEB07C,45,Customer Support,Customer Success Manager,1,9805,1,No
EMP-899382CA,36,Engineering,Engineering Manager,4,9238,1,Yes
EMP-4D7FDD1F,33,Engineering,Software Engineer,3,5268,3,No
EMP-95C15BB9,41,Customer Support,Customer Success Manager,1,9137,21,No
EMP-1DB83D35,31,Sales,Sales Executive,1,4734,8,No
EMP-464D6152,48,Human Resources,HR Generalist,14,5117,0,No
EMP-875A87DD,29,Sales,Sales Representative,19,3628,4,No
EMP-A1AF7885,33,Human Resources,HR Generalist,3,3777,1,No
EMP-05ECABCD,46,Research & Development,Manufacturing Director,21,11227,3,No
EMP-8BF9ED16,41,Sales,Regional Manager,14,8825,4,No
EMP-14762B77,37,Customer Support,Support Director,7,11477,2,No
EMP-A76E4E55,38,Engineering,Senior Software Engineer,3,5641,3,No
EMP-050B5087,35,Customer Support,Support Specialist,5,4428,7,No
EMP-5E5DF8E7,29,Sales,Sales Executive,26,3397,8,No
EMP-EAF84233,47,Human Resources,HR Business Partner,16,6394,1,No
EMP-DF7BE3C4,38,Research & Development,Manufacturing Director,16,10762,11,No
EMP-4E64B842,30,Engineering,Senior Software Engineer,2,5606,2,No
EMP-779926A0,40,Engineering,Software Engineer,1,4313,3,No
EMP-6CFBD2E7,23,Research & Development,Manufacturing Director,1,9095,2,No
EMP-80EF0130,36,Engineering,Engineering Manager,7,10084,6,No
EMP-15CF93E6,40,Research & Development,Research Scientist,32,3910,1,No
EMP-AF604D6F,18,Sales,Sales Executive,3,3968,0,No
EMP-92369F4D,38,Research & Development,Research Scientist,1,6955,1,No
EMP-C7CA502C,36,Engineering,Engineering Manager,1,9961,3,Yes
EMP-121CB8F4,49,Engineering,Engineering Manager,2,10502,6,No
EMP-DEC1A776,52,Customer Support,Customer Success Manager,10,7917,3,No
EMP-409C0DD2,28,Sales,Regional Manager,1,8920,4,No
EMP-B1EC72EA,22,Customer Support,Customer Success Manager,10,9682,0,No
EMP-E8CFF94F,28,Human Resources,HR Generalist,27,5859,0,No
EMP-51AE465E,30,Research & Development,Research Director,25,9213,10,Yes
EMP-1DB8890A,46,Human Resources,HR Director,16,8122,4,No
EMP-2B3D2515,21,Customer Support,Support Specialist,1,4221,3,No
EMP-DA709565,40,Human Resources,HR Director,4,10538,2,No
EMP-FB847D46,43,Research & Development,Research Scientist,21,4356,7,No
EMP-FAA9ECCE,31,Research & Development,Laboratory Technician,1,4278,11,No
EMP-1B455783,40,Engineering,Software Engineer,1,3142,0,Yes
EMP-14FC2F21,56,Human Resources,HR Business Partner,10,6568,1,No
EMP-1C47B220,28,Research & Development,Laboratory Technician,3,4944,6,Yes
EMP-DE04A1C3,47,Engineering,Software Engineer,10,4495,4,No
EMP-FB275C98,35,Customer Support,Support Specialist,3,3095,1,Yes
EMP-63269F0C,37,Engineering,Engineering Manager,22,10009,4,No
EMP-788992CE,38,Customer Support,Support Director,8,11344,3,No
EMP-595C6030,44,Research & Development,Research Scientist,3,2971,0,No
EMP-EF689322,27,Engineering,Engineering Manager,28,10178,9,No
EMP-58711A7F,35,Engineering,Engineering Manager,1,10456,13,No
EMP-94F8A25E,42,Research & Development,Research Scientist,33,3912,9,Yes
EMP-4F15A5AF,29,Sales,Regional Manager,19,7782,1,No
EMP-8FE892C5,40,Customer Support,Support Specialist,27,2505,5,Yes
EMP-12B8D3C6,29,Sales,Sales Executive,9,4184,11,Yes
EMP-837882B6,38,Sales,Sales Representative,20,2628,6,Yes
EMP-7E3FB315,48,Research & Development,Manufacturing Director,4,10864,1,No
EMP-F4B6D9C5,43,Research & Development,Research Scientist,20,4616,12,No
EMP-4E907740,43,Customer Support,Support Director,16,14223,5,No
EMP-36FEB91A,47,Engineering,Senior Software Engineer,22,6781,2,Yes
EMP-296E80C0,30,Sales,Regional Manager,8,9315,0,No
EMP-B70CE5F2,61,Engineering,Senior Software Engineer,3,3759,4,No
EMP-8DC3F8C4,33,Sales,Regional Manager,1,10906,3,No
EMP-A99EC09E,30,Sales,Sales Executive,9,4815,0,No
EMP-09C59932,38,Human Resources,HR Generalist,7,3218,5,No
EMP-67879882,18,Research & Development,Research Director,15,9823,0,Yes
EMP-5F5ACD96,30,Research & Development,Manufacturing Director,1,9462,12,No
EMP-ADE31201,43,Sales,Sales Representative,5,5038,0,No
EMP-191EA5EB,33,Customer Support,Support Specialist,7,3216,6,Yes
EMP-CE3A7015,25,Customer Support,Support Specialist,30,5101,6,No
EMP-E8D463C7,59,Research & Development,Research Scientist,5,5238,1,No
EMP-15D52163,50,Engineering,Software Engineer,1,3150,0,No
EMP-B995BDDF,42,Sales,Sales Executive,6,4929,0,No
EMP-651E6592,18,Engineering,Senior Software Engineer,1,4770,0,No
EMP-463B9B8A,54,Engineering,Senior Software Engineer,10,4283,0,No
EMP-53B011B8,52,Customer Support,Support Director,6,7876,9,No
EMP-2964ED27,28,Research & Development,Research Scientist,1,4554,5,No
EMP-6B690AC7,38,Sales,Regional Manager,28,9137,4,No
EMP-3BBDFDAD,53,Sales,Regional Manager,6,8114,3,No
EMP-3713DBA3,36,Sales,Regional Manager,32,10305,11,No
EMP-43D771A6,40,Customer Support,Support Specialist,1,3252,1,Yes
EMP-44C547BF,32,Customer Support,Support Specialist,1,5019,5,No
EMP-6E843DFC,46,Sales,Regional Manager,13,9968,8,Yes
EMP-7A5C0455,29,Research & Development,Research Director,13,8927,8,Yes
EMP-6201EEA4,37,Customer Support,Support Specialist,4,4140,7,No
EMP-E575BCF3,43,Sales,Regional Manager,19,9357,2,Yes
EMP-B59F374D,46,Customer Support,Support Director,1,10576,11,No
EMP-04E9DCAA,51,Human Resources,HR Generalist,3,4025,11,No
EMP-F78F9B2E,41,Human Resources,HR Generalist,30,3843,4,No
EMP-AD9346DD,29,Research & Development,Manufacturing Director,3,12110,1,No
EMP-CF8AE008,49,Sales,Sales Executive,15,4949,7,No
EMP-BFAA3C10,37,Customer Support,Support Specialist,1,2923,3,Yes
EMP-B48B4E80,47,Research & Development,Manufacturing Director,4,9423,0,Yes
EMP-4E5900CF,42,Human Resources,HR Generalist,9,3323,0,No
EMP-AE7E2129,40,Human Resources,HR Business Partner,1,5391,8,No
EMP-CA076821,33,Customer Support,Support Director,1,9878,15,No
EMP-1957F901,23,Customer Support,Support Specialist,16,2311,5,No
EMP-80F1AF15,30,Customer Support,Customer Success Manager,15,9343,4,No
EMP-C4B7C224,46,Sales,Sales Executive,1,3808,3,No
EMP-34C94BAE,37,Sales,Regional Manager,1,9253,0,No
EMP-3B46B9CF,41,Human Resources,HR Business Partner,13,5007,4,No
EMP-8CF413CB,36,Human Resources,HR Generalist,3,4482,10,No
EMP-3A281E03,40,Human Resources,HR Director,1,9615,4,No
EMP-D09E0309,38,Sales,Sales Executive,9,4597,5,No
EMP-CD9C7BA9,59,Human Resources,HR Generalist,8,3079,11,Yes
EMP-AEBFE46B,59,Research & Development,Manufacturing Director,3,8630,1,Yes
EMP-D96FBDD9,18,Engineering,Engineering Manager,8,8969,0,No
EMP-5AC70845,41,Customer Support,Support Specialist,3,6251,8,Yes
EMP-C61B823B,29,Research & Development,Laboratory Technician,24,4590,8,No
EMP-49F56EB5,24,Customer Support,Support Director,26,11797,6,Yes
EMP-B378A081,49,Research & Development,Laboratory Technician,43,3436,0,Yes
EMP-140BCE0D,20,Sales,Sales Representative,35,5624,2,Yes
EMP-072D9888,36,Research & Development,Laboratory Technician,5,5485,1,No
EMP-D5F49F92,38,Customer Support,Customer Success Manager,14,9656,14,No
EMP-ED6FCD78,33,Research & Development,Research Scientist,5,4747,0,No
EMP-25660BBA,39,Research & Development,Research Director,2,10217,5,Yes
EMP-5416BC61,22,Human Resources,HR Business Partner,1,7533,4,No
EMP-77C257C2,53,Research & Development,Manufacturing Director,7,9738,9,No
EMP-1C512B80,58,Sales,Sales Representative,20,6106,2,No
EMP-E249D720,44,Engineering,Software Engineer,12,5642,1,Yes
EMP-05347482,48,Engineering,Senior Software Engineer,4,3889,2,No
EMP-8DF008DF,35,Research & Development,Research Scientist,7,4861,7,Yes
EMP-AAC0DBED,54,Research & Development,Research Director,19,7943,14,No
EMP-8F13ADB6,20,Sales,Sales Representative,6,3933,2,No
EMP-E3B80B5E,18,Customer Support,Customer Success Manager,10,9493,0,No
EMP-949FEB11,41,Customer Support,Customer Success Manager,2,8472,2,No
EMP-97870A9C,37,Sales,Sales Representative,11,5146,0,Yes
EMP-F26E5FC6,32,Human Resources,HR Generalist,1,3048,0,Yes
EMP-A713BD08,36,Engineering,Senior Software Engineer,2,4757,2,No
EMP-48A365BC,57,Human Resources,HR Business Partner,1,6042,8,No
EMP-753B11E1,31,Customer Support,Support Specialist,20,4256,12,No
EMP-4DF4BF4B,36,Customer Support,Support Specialist,16,3734,6,No
EMP-8E306904,32,Engineering,Software Engineer,4,3309,3,No
EMP-10129107,22,Customer Support,Support Director,6,11240,4,No
EMP-0F5C7CB4,43,Research & Development,Manufacturing Director,7,9973,3,No
EMP-BF799C14,36,Human Resources,HR Director,7,8453,1,No
EMP-5E8A97CA,30,Sales,Regional Manager,1,7893,1,No
EMP-E2A104BD,31,Customer Support,Customer Success Manager,1,8302,11,No
EMP-5F192CC4,54,Human Resources,HR Business Partner,15,7057,3,No
EMP-729452EE,38,Customer Support,Support Specialist,8,2966,6,Yes
EMP-60261187,27,Engineering,Engineering Manager,3,9371,2,No
EMP-BBC24B54,47,Research & Development,Manufacturing Director,4,11891,21,No
EMP-BBF0D48B,24,Sales,Sales Representative,1,4675,0,No
EMP-96797196,31,Engineering,Engineering Manager,2,9015,1,No
EMP-72596654,38,Human Resources,HR Business Partner,5,5002,20,No
EMP-CF95FD87,35,Research & Development,Research Director,34,8510,10,No
EMP-22C29ECE,32,Research & Development,Laboratory Technician,1,4906,5,No
EMP-A6BA765B,38,Customer Support,Customer Success Manager,8,10501,1,Yes
EMP-1FEA24FA,31,Research & Development,Manufacturing Director,3,10284,2,No
EMP-7E5C89D7,21,Research & Development,Research Scientist,1,4057,3,Yes
EMP-3C800C1A,44,Research & Development,Research Director,1,7606,3,No
EMP-004CBAB6,31,Sales,Sales Representative,4,4056,0,No
EMP-00C63833,48,Customer Support,Support Specialist,2,3307,5,No
EMP-D64C101B,43,Engineering,Senior Software Engineer,6,7729,2,No
EMP-741E52B4,43,Research & Development,Laboratory Technician,17,3756,16,No
EMP-F868B33A,41,Sales,Sales Representative,27,3275,0,Yes
EMP-89D4493C,38,Customer Support,Customer Success Manager,8,9413,9,Yes
EMP-8B9840D5,41,Research & Development,Laboratory Technician,2,3505,0,No
EMP-B61F188A,41,Engineering,Engineering Manager,10,9094,3,No
EMP-23109295,46,Customer Support,Support Director,4,9208,8,No
EMP-9E1EF4F0,18,Engineering,Engineering Manager,6,8390,0,No
EMP-AD6DAB8B,38,Customer Support,Customer Success Manager,2,11611,11,No
EMP-8F17047A,46,Customer Support,Customer Success Manager,23,6946,4,No
EMP-16D52564,23,Engineering,Senior Software Engineer,1,7372,5,No
EMP-3B916C3B,44,Research & Development,Manufacturing Director,22,12324,7,No
EMP-C5216350,33,Customer Support,Customer Success Manager,2,8580,6,No
EMP-EDA411F4,38,Human Resources,HR Business Partner,14,5426,10,Yes
EMP-60038108,48,Human Resources,HR Generalist,1,3387,9,No
EMP-212EB31A,35,Human Resources,HR Director,15,8425,0,Yes
EMP-CA546184,45,Research & Development,Research Scientist,12,2893,5,No
EMP-28BC564B,42,Research & Development,Research Scientist,2,6252,2,Yes
EMP-4A483862,20,Engineering,Senior Software Engineer,6,7795,2,No
EMP-4CCD55AD,40,Engineering,Software Engineer,7,2649,4,Yes
EMP-33DF74D2,39,Engineering,Senior Software Engineer,11,6870,12,No
EMP-C9B5F00F,30,Customer Support,Support Director,8,10165,4,Yes
EMP-4A174F31,53,Customer Support,Customer Success Manager,27,8986,12,No
EMP-CF1D8F52,28,Human Resources,HR Business Partner,41,5849,9,No
EMP-C4A0B7D8,38,Engineering,Engineering Manager,8,10913,2,No
EMP-BA865386,36,Customer Support,Support Director,16,9087,0,No
EMP-E530013B,27,Engineering,Software Engineer,7,2014,9,No
EMP-4C086C01,25,Engineering,Software Engineer,13,2445,3,No
EMP-9DA04FE5,35,Engineering,Engineering Manager,1,7796,0,Yes
EMP-34CD7DB4,18,Engineering,Software Engineer,24,3934,0,No
EMP-4AE90B77,56,Customer Support,Support Specialist,1,5351,5,No
EMP-6A187C8C,35,Customer Support,Support Director,1,8272,17,No
EMP-8E93D949,63,Sales,Regional Manager,1,9671,6,No
EMP-76C801AC,39,Engineering,Software Engineer,2,3826,1,Yes
EMP-A30BCBD2,37,Engineering,Senior Software Engineer,8,5347,0,No
EMP-6ECE26D5,35,Human Resources,HR Business Partner,7,7804,2,No
EMP-A4F90238,50,Engineering,Senior Software Engineer,1,3511,1,No
EMP-8EBFC64B,23,Engineering,Senior Software Engineer,10,5066,2,No
EMP-69B79B45,47,Engineering,Software Engineer,1,5525,1,No
EMP-E119B1B7,45,Sales,Sales Representative,1,2645,0,Yes
EMP-9D3FD14B,32,Sales,Regional Manager,10,10187,1,Yes
EMP-071FE084,35,Sales,Sales Executive,12,3550,9,No
EMP-D6AF6579,34,Sales,Regional Manager,11,10991,1,Yes
EMP-9C1211F4,43,Research & Development,Research Director,1,9228,0,No
EMP-77D11A05,41,Customer Support,Support Specialist,5,2498,11,No
EMP-FF35AF82,32,Human Resources,HR Business Partner,3,7258,2,Yes
EMP-BE513ECA,22,Customer Support,Support Director,9,10327,2,No
EMP-01CD11C4,18,Research & Development,Manufacturing Director,3,11635,0,Yes
EMP-322E9EC6,32,Sales,Sales Representative,20,4478,3,No
EMP-F265F4DC,39,Engineering,Senior Software Engineer,5,6180,0,No
EMP-0C4AE6F2,41,Research & Development,Laboratory Technician,10,2000,1,No
EMP-131836E1,39,Research & Development,Laboratory Technician,41,3779,3,No
EMP-3B8CB70A,32,Human Resources,HR Director,1,8666,12,No
EMP-11F89109,39,Sales,Regional Manager,3,8425,4,No
EMP-2E535891,48,Human Resources,HR Director,2,10167,0,No
EMP-C8A58BF7,40,Human Resources,HR Generalist,9,5179,5,No
EMP-6BA74557,19,Human Resources,HR Generalist,7,2464,0,No
EMP-6300AEAF,43,Engineering,Software Engineer,1,3129,4,No
EMP-3766F0D6,31,Human Resources,HR Director,3,7912,2,No
EMP-433C973E,28,Engineering,Engineering Manager,8,10864,3,No
EMP-232393D9,42,Research & Development,Manufacturing Director,13,9821,1,No
EMP-F988879D,32,Customer Support,Customer Success Manager,6,9746,4,No
EMP-8C1DC528,49,Customer Support,Customer Success Manager,1,8756,0,No
EMP-D20E79E9,37,Research & Development,Laboratory Technician,11,6124,2,No
EMP-6686B924,45,Engineering,Software Engineer,16,3325,5,No
EMP-328F36F1,44,Customer Support,Support Director,4,7715,0,No
EMP-6126A162,37,Human Resources,HR Generalist,2,4744,3,No
EMP-E4C22D77,41,Human Resources,HR Generalist,16,4732,5,No
EMP-FD1E1FEE,46,Human Resources,HR Business Partner,2,6551,3,No
EMP-39A3C4BA,42,Customer Support,Support Director,1,9849,4,No
EMP-A5CAA257,27,Customer Support,Support Specialist,25,5263,9,No
EMP-4E05C743,37,Research & Development,Laboratory Technician,19,4817,9,No
EMP-6EDE2AA9,47,Engineering,Senior Software Engineer,1,5380,4,No
EMP-B26EDB5A,33,Research & Development,Research Director,1,9228,5,No
EMP-6E94F508,50,Engineering,Senior Software Engineer,1,4926,1,No
EMP-1CD725D4,52,Sales,Sales Representative,3,4235,4,No
EMP-69D28345,40,Research & Development,Manufacturing Director,2,10667,0,No
EMP-204935C3,38,Human Resources,HR Business Partner,27,7278,8,No
EMP-6EB45F7A,32,Human Resources,HR Business Partner,6,7691,4,No
EMP-F18934F7,33,Customer Support,Customer Success Manager,5,11344,6,No
EMP-A77AAA83,33,Engineering,Senior Software Engineer,4,5661,1,No
EMP-D7F2AF48,27,Research & Development,Laboratory Technician,1,3078,0,No
EMP-0C37C521,37,Human Resources,HR Generalist,4,4281,5,No
EMP-0E505E6F,47,Research & Development,Research Scientist,28,3743,3,No
EMP-630B086C,26,Engineering,Senior Software Engineer,47,6458,1,No
EMP-0AB3E177,39,Customer Support,Support Director,9,10190,3,No
EMP-51134E8C,31,Sales,Sales Executive,2,3362,1,Yes
EMP-76A9D4EC,31,Human Resources,HR Generalist,1,5426,13,No
EMP-42565B98,52,Customer Support,Support Specialist,11,3315,0,Yes
EMP-5CF02898,32,Sales,Regional Manager,2,10359,3,No
EMP-B89DB13C,53,Research & Development,Research Director,1,11755,10,Yes
EMP-87ECCD7F,31,Sales,Regional Manager,21,9134,13,No
EMP-C9D5E795,40,Engineering,Senior Software Engineer,10,6401,4,No
EMP-8137E64E,36,Sales,Sales Representative,4,3042,1,No
EMP-C0177833,37,Engineering,Software Engineer,1,6153,1,No
EMP-AC551444,32,Engineering,Senior Software Engineer,19,6268,3,Yes
EMP-9A5C520C,63,Sales,Sales Executive,17,3362,2,Yes
EMP-EEB8A4E2,44,Customer Support,Customer Success Manager,3,11816,10,Yes
EMP-CE18300A,43,Research & Development,Laboratory Technician,19,5330,10,No
EMP-C187BF6D,46,Engineering,Engineering Manager,11,10208,5,No
EMP-415309B1,51,Customer Support,Support Specialist,1,4778,10,No
EMP-CB7A650A,36,Engineering,Senior Software Engineer,4,6176,6,No
EMP-01452DE3,41,Human Resources,HR Director,17,9127,3,No
EMP-FCB9C8A7,39,Human Resources,HR Director,9,9655,1,No
EMP-7FD65E29,44,Customer Support,Support Director,15,12195,0,Yes
EMP-AD6F4678,40,Research & Development,Research Scientist,32,5892,2,Yes
EMP-114241DF,44,Sales,Sales Executive,1,4223,13,No
EMP-9B9563A4,33,Customer Support,Support Specialist,3,4232,6,No
EMP-5B0D3A1A,39,Engineering,Senior Software Engineer,4,5159,4,No
EMP-6A9E366F,32,Engineering,Senior Software Engineer,14,6452,0,Yes
EMP-03C92A92,53,Human Resources,HR Director,11,9521,2,No
EMP-E3727A21,23,Engineering,Software Engineer,1,2000,5,No
EMP-279DA16F,27,Human Resources,HR Director,1,10450,5,No
EMP-FC1EA86A,25,Research & Development,Research Director,30,10646,0,Yes
EMP-E3FBCE0E,44,Research & Development,Research Scientist,5,3880,5,No
EMP-C5FA5B9B,22,Research & Development,Laboratory Technician,41,3169,2,Yes
EMP-E281209A,35,Human Resources,HR Director,2,10022,0,No
EMP-B7C34BDD,25,Customer Support,Customer Success Manager,19,11332,3,No
EMP-B4445634,41,Engineering,Engineering Manager,14,10148,9,No
EMP-F9CEE8AC,44,Engineering,Senior Software Engineer,1,7594,0,No
EMP-69AB5B30,39,Engineering,Senior Software Engineer,15,6850,3,Yes
EMP-2973F283,31,Sales,Sales Representative,2,6161,3,No
EMP-020A79EA,39,Customer Support,Customer Success Manager,3,8782,7,Yes
EMP-7599A3F5,33,Research & Development,Laboratory Technician,1,2000,0,No
EMP-ACB9CD6E,33,Human Resources,HR Director,9,6691,1,Yes
EMP-B383424F,45,Research & Development,Research Director,15,10110,0,No
EMP-EBEA8273,28,Engineering,Senior Software Engineer,2,5942,10,No
EMP-72CC2474,37,Customer Support,Customer Success Manager,9,8209,6,No
EMP-85ED92E0,35,Engineering,Software Engineer,3,4032,3,No
EMP-27C713A4,35,Engineering,Senior Software Engineer,1,5181,0,No
EMP-CEF55081,27,Sales,Sales Executive,8,3662,5,No
EMP-A88FCB74,32,Engineering,Senior Software Engineer,1,6687,0,No
EMP-507CEF9E,51,Engineering,Engineering Manager,1,10709,13,Yes
EMP-0C9A6677,38,Sales,Sales Representative,12,3223,10,No
EMP-29F05DCC,46,Sales,Sales Representative,4,4762,8,No
EMP-EF7D879C,51,Sales,Regional Manager,6,9837,5,No
EMP-52EC5D2C,55,Engineering,Senior Software Engineer,1,6237,0,Yes
EMP-6EDCC424,31,Customer Support,Customer Success Manager,20,9019,1,No
EMP-81592989,43,Engineering,Engineering Manager,10,8911,3,No
EMP-CA705531,55,Sales,Sales Executive,2,4523,28,No
EMP-15C1E1D7,38,Research & Development,Manufacturing Director,2,9744,5,No
EMP-FE91244A,35,Engineering,Software Engineer,20,2000,6,Yes
EMP-965878E5,33,Customer Support,Support Specialist,4,5888,2,No
EMP-D1840A93,40,Human Resources,HR Director,5,10856,6,Yes
EMP-E7A23E07,48,Engineering,Software Engineer,23,3953,2,No
EMP-1A31F4C9,44,Sales,Sales Representative,24,2108,1,No
EMP-0E577D28,52,Research & Development,Research Director,13,11256,0,No
EMP-713140E9,42,Human Resources,HR Director,1,9912,1,No
EMP-6747F413,37,Engineering,Senior Software Engineer,2,7407,10,No
EMP-13BEEFE2,45,Research & Development,Research Director,4,6181,4,No
EMP-0730A9EB,34,Engineering,Software Engineer,34,2656,1,No
EMP-94211A0C,25,Customer Support,Support Director,14,10992,0,No
EMP-42F25E12,37,Sales,Sales Representative,2,4572,0,No
EMP-3A569A84,38,Engineering,Senior Software Engineer,4,4460,8,No
EMP-789EAAED,22,Customer Support,Customer Success Manager,9,9086,4,No
EMP-841D68EE,34,Human Resources,HR Director,1,9180,6,No
EMP-DDDDC250,34,Customer Support,Support Director,18,12092,8,No
EMP-5C28663C,48,Engineering,Software Engineer,2,4286,0,No
EMP-9A905096,37,Engineering,Senior Software Engineer,7,5955,13,No
EMP-B5C88293,45,Customer Support,Customer Success Manager,3,9503,3,No
EMP-CA37701C,47,Human Resources,HR Generalist,6,4415,3,No
EMP-832BFA5C,58,Research & Development,Research Director,1,9432,0,No
EMP-11DD14E0,49,Engineering,Software Engineer,2,2752,5,No
EMP-AE0A96B2,31,Engineering,Engineering Manager,20,11896,0,No
EMP-67F74491,46,Engineering,Senior Software Engineer,28,6594,5,No
EMP-405519EC,62,Research & Development,Research Director,20,9530,4,No
EMP-7C8E5B04,49,Research & Development,Manufacturing Director,2,11024,5,No
EMP-089501FF,54,Engineering,Software Engineer,1,2624,5,No
EMP-C1F02246,37,Engineering,Software Engineer,20,4394,7,No
EMP-AA0207C2,54,Engineering,Engineering Manager,21,10144,2,No
EMP-5C707FE3,49,Sales,Sales Representative,16,2526,7,No
EMP-CEE7AB04,35,Human Resources,HR Business Partner,17,7650,0,No
EMP-5C720A63,36,Engineering,Engineering Manager,3,9618,2,Yes
EMP-BB359C88,53,Human Resources,HR Director,4,8583,2,No
EMP-9245023D,31,Engineering,Senior Software Engineer,2,4412,0,No
EMP-047EA261,54,Engineering,Engineering Manager,9,10811,3,Yes
EMP-0CACBCE1,47,Sales,Sales Executive,7,3610,3,No
EMP-8BC2F378,24,Human Resources,HR Generalist,8,2025,3,No
EMP-5E876B6E,51,Engineering,Software Engineer,16,4676,6,No
EMP-B8EA869E,45,Sales,Sales Representative,2,4337,13,No
EMP-F0C14C28,30,Human Resources,HR Generalist,6,3663,1,Yes
EMP-B3BE83CA,28,Sales,Sales Representative,16,2675,3,No
EMP-5977B81B,47,Engineering,Software Engineer,12,2115,1,Yes
EMP-819A5692,28,Engineering,Engineering Manager,1,9330,5,No
EMP-A31AFBDD,39,Research & Development,Research Scientist,12,2399,0,Yes
EMP-453F4B03,22,Customer Support,Customer Success Manager,32,10128,3,No
EMP-2A23B0EF,40,Research & Development,Research Director,1,11236,5,No
EMP-05C5F50F,39,Research & Development,Research Scientist,17,4651,10,No
EMP-F32BD6BF,30,Human Resources,HR Business Partner,9,5204,2,No
EMP-C8208033,25,Sales,Sales Representative,15,3168,1,No
EMP-4B01A76A,35,Customer Support,Support Specialist,11,5497,0,Yes
EMP-3B8E8153,29,Human Resources,HR Director,8,12174,0,No
EMP-15D83E9D,44,Engineering,Engineering Manager,2,10096,0,No
EMP-CF0DD533,38,Human Resources,HR Generalist,9,3823,3,No
EMP-6FC15879,32,Engineering,Software Engineer,9,2356,3,Yes
EMP-D1527988,29,Customer Support,Customer Success Manager,5,11566,6,No
EMP-7B05ADC2,43,Human Resources,HR Generalist,3,5954,0,No
EMP-E75A5567,32,Engineering,Senior Software Engineer,2,4782,2,Yes
EMP-026C9435,38,Sales,Regional Manager,1,8676,8,No
EMP-139FAA58,40,Human Resources,HR Generalist,21,2132,5,No
EMP-3AC18DAA,18,Human Resources,HR Generalist,4,4448,0,No
EMP-3B2A4159,54,Customer Support,Customer Success Manager,6,10102,0,No
EMP-52DFD2CA,43,Research & Development,Laboratory Technician,1,4091,5,No
EMP-D7099CFB,39,Sales,Sales Representative,1,2303,2,No
EMP-E56B127D,30,Sales,Regional Manager,10,11083,7,No
EMP-966CA4C3,27,Research & Development,Laboratory Technician,48,3620,9,No
EMP-645672F9,50,Human Resources,HR Director,7,9770,4,No
EMP-8320C999,39,Research & Development,Research Scientist,1,3629,8,No
EMP-2712A91C,45,Human Resources,HR Director,1,10748,1,No
EMP-921B389B,30,Human Resources,HR Generalist,1,2402,12,No
EMP-06D6A3B9,19,Engineering,Senior Software Engineer,5,6609,1,No
EMP-C648DD19,41,Human Resources,HR Generalist,25,6991,3,No
EMP-6FD09D56,38,Sales,Sales Executive,4,3881,10,No
EMP-96073412,40,Research & Development,Research Director,15,9986,1,No
EMP-6B42E791,36,Customer Support,Customer Success Manager,1,8693,5,Yes
EMP-FD1EA56C,38,Engineering,Software Engineer,10,3989,8,No
EMP-243897E6,37,Sales,Sales Representative,9,4981,7,No
EMP-258999DE,38,Human Resources,HR Director,5,8025,0,No
EMP-9833C4DF,31,Human Resources,HR Generalist,1,3775,0,No
EMP-D75416F9,38,Engineering,Software Engineer,33,4635,2,No
EMP-8A3BAA39,38,Customer Support,Customer Success Manager,5,7229,0,No
EMP-982BB5F0,25,Research & Development,Laboratory Technician,9,4719,5,No
EMP-A163CD01,35,Engineering,Engineering Manager,1,11388,17,No
EMP-5556B60A,39,Engineering,Software Engineer,41,3595,1,Yes
EMP-3E248E41,31,Sales,Sales Representative,11,3637,0,No
EMP-A119FB8A,39,Sales,Sales Executive,16,4003,4,No
EMP-DA97251C,47,Customer Support,Support Specialist,7,2218,2,No
EMP-82098D17,24,Human Resources,HR Director,4,9330,2,No
EMP-93D61750,43,Customer Support,Customer Success Manager,14,10510,0,No
EMP-F68E2A21,32,Research & Development,Research Director,1,6490,1,No
EMP-79B5F9C4,32,Engineering,Engineering Manager,7,10070,1,No
EMP-1A19F3F6,37,Human Resources,HR Generalist,1,4695,3,No
EMP-AC4D4B1D,49,Research & Development,Research Director,1,9409,3,No
EMP-55EB2C6E,33,Research & Development,Manufacturing Director,13,8538,3,Yes
EMP-5BDA7AEA,24,Human Resources,HR Director,6,7663,6,No
EMP-A814B4D5,31,Human Resources,HR Generalist,11,5247,2,No
EMP-FDACEF87,44,Research & Development,Laboratory Technician,1,3414,11,No
EMP-2559E076,59,Engineering,Software Engineer,10,3273,11,No
EMP-45B9FA44,51,Customer Support,Support Specialist,1,5873,3,Yes
EMP-DA1826F4,42,Human Resources,HR Generalist,7,3186,5,No
EMP-F0963E67,34,Customer Support,Support Specialist,1,4221,0,Yes
EMP-6A3AF59B,24,Customer Support,Support Specialist,4,2834,6,No
EMP-58A38CEB,27,Research & Development,Manufacturing Director,1,10243,0,No
EMP-A2B9AB35,49,Customer Support,Support Specialist,3,4862,0,No
EMP-828DD144,47,Research & Development,Research Scientist,9,3091,2,No
EMP-435D44E1,34,Research & Development,Laboratory Technician,9,3699,7,No
EMP-47C6C7A2,42,Sales,Sales Executive,1,6598,17,Yes
EMP-E76916B8,31,Research & Development,Manufacturing Director,39,10713,4,Yes
EMP-BE0E2DA9,53,Human Resources,HR Generalist,16,4609,5,No
EMP-53CA9108,34,Engineering,Engineering Manager,26,8592,1,Yes
EMP-40B5909C,27,Sales,Sales Representative,5,2000,4,No
EMP-B2B4C4BA,35,Human Resources,HR Director,21,9267,5,No
EMP-0C1E6A6A,46,Engineering,Engineering Manager,19,8900,9,No
EMP-C481CE91,36,Customer Support,Support Specialist,14,4339,3,No
EMP-A5509CFB,42,Customer Support,Customer Success Manager,14,10481,5,No
EMP-2A958255,39,Sales,Sales Executive,41,2443,13,No
EMP-AB12B6F2,41,Engineering,Senior Software Engineer,17,5218,1,No
EMP-81226CCE,50,Engineering,Engineering Manager,13,9625,3,No
EMP-E0DE4D84,40,Sales,Sales Executive,3,7122,4,No
EMP-9EE18465,45,Research & Development,Laboratory Technician,10,4457,7,No
EMP-70F840FE,36,Customer Support,Support Director,1,8130,1,No
EMP-12202BF8,35,Human Resources,HR Business Partner,16,4979,1,No
EMP-858DF179,54,Customer Support,Customer Success Manager,9,10073,1,No
EMP-947F0893,49,Customer Support,Customer Success Manager,8,8868,0,Yes
EMP-35ACBBDE,30,Sales,Regional Manager,31,10377,2,No
EMP-DB9E78A7,29,Customer Support,Support Director,3,9075,10,No
EMP-AA2750C5,55,Engineering,Senior Software Engineer,21,5520,4,No
EMP-3FB19A33,23,Engineering,Senior Software Engineer,11,3887,0,No
EMP-DFC5C048,22,Engineering,Senior Software Engineer,15,7515,0,No
EMP-0FA1B1BE,32,Human Resources,HR Business Partner,10,9069,0,No
EMP-53B323FB,53,Human Resources,HR Business Partner,8,8407,4,No
EMP-2F1ED1C8,48,Engineering,Software Engineer,3,4711,8,Yes
EMP-20EF4AC2,29,Sales,Sales Executive,1,3995,2,No
EMP-08B9076B,44,Human Resources,HR Generalist,15,5146,3,No
EMP-D8130339,26,Customer Support,Support Director,3,9367,2,No
EMP-2ACE084C,37,Sales,Sales Representative,9,3853,6,No
EMP-EE4D94A3,27,Engineering,Engineering Manager,10,11824,7,Yes
EMP-5CCB0C21,35,Human Resources,HR Director,18,8448,2,No
EMP-157E0B5C,56,Sales,Regional Manager,2,11451,2,No
EMP-B473A355,39,Research & Development,Research Director,3,7477,14,No
EMP-67C62BCF,33,Sales,Sales Representative,20,2086,9,No
EMP-CFB3A41D,43,Human Resources,HR Generalist,6,3360,3,No
EMP-7BD272B8,37,Customer Support,Support Specialist,5,6126,6,No
EMP-45F53A65,31,Customer Support,Support Director,9,10162,0,No
EMP-204EEAC6,45,Customer Support,Support Specialist,31,5472,0,No
EMP-64D9F059,36,Human Resources,HR Generalist,3,3755,1,Yes
EMP-0F05F9C0,35,Human Resources,HR Business Partner,3,6440,7,No
EMP-7A5D29CE,52,Research & Development,Research Scientist,1,3674,3,No
EMP-CE89C519,18,Engineering,Software Engineer,4,5060,0,Yes
EMP-A0301D2D,38,Sales,Sales Executive,27,4619,0,No
EMP-1E2AF4A0,22,Research & Development,Research Director,13,8965,4,No
EMP-64AECAC8,45,Human Resources,HR Generalist,2,2494,4,No
EMP-2A7BCF44,42,Human Resources,HR Director,9,9557,2,No
EMP-519CAEF8,30,Sales,Sales Executive,19,3027,4,Yes
EMP-588E0F80,27,Customer Support,Support Specialist,19,4074,6,No
EMP-8B3A280E,39,Human Resources,HR Business Partner,7,5559,0,No
EMP-B82F2741,27,Engineering,Engineering Manager,1,6094,9,No
EMP-9861BCD7,42,Human Resources,HR Generalist,6,5084,2,No
EMP-53606D06,44,Sales,Sales Representative,1,6468,3,No
EMP-BB77AF3D,36,Human Resources,HR Director,1,11249,7,No
EMP-4BA9F923,31,Engineering,Engineering Manager,1,8640,2,No
EMP-DF820D39,39,Sales,Sales Executive,2,5949,10,No
EMP-5B59EB82,35,Customer Support,Support Specialist,41,2124,7,Yes
EMP-B564095C,46,Human Resources,HR Generalist,7,3906,3,No
EMP-D9395641,40,Human Resources,HR Business Partner,17,5097,2,No
EMP-1DEAD242,39,Sales,Sales Representative,3,2274,7,No
EMP-DF8E5E49,56,Research & Development,Research Scientist,15,5296,2,No
EMP-BEF87374,38,Research & Development,Manufacturing Director,1,10623,5,Yes
EMP-C422B9E3,31,Sales,Sales Representative,19,5235,11,Yes
EMP-598B2A0D,34,Sales,Sales Representative,2,3515,11,No
EMP-C46A2150,28,Customer Support,Customer Success Manager,5,10108,4,No
EMP-055E2DB9,38,Engineering,Senior Software Engineer,34,7694,2,Yes
EMP-1E2EDC2A,27,Sales,Sales Representative,21,4513,2,Yes
EMP-9799116C,49,Customer Support,Customer Success Manager,12,12707,11,No
EMP-D910BA3F,39,Human Resources,HR Generalist,2,3576,9,No
EMP-07AD9700,39,Sales,Sales Executive,12,5581,1,No
EMP-754E0FF5,51,Engineering,Engineering Manager,6,9458,2,Yes
EMP-C2A63F98,50,Human Resources,HR Director,4,9572,0,No
EMP-B79127FA,46,Human Resources,HR Generalist,1,4656,1,Yes
EMP-757EEC58,34,Sales,Regional Manager,5,8493,6,No
EMP-764C4809,50,Human Resources,HR Business Partner,4,7825,9,No
EMP-CAD4F2AF,42,Research & Development,Research Scientist,10,3970,0,Yes
EMP-440CABB8,26,Human Resources,HR Generalist,11,5425,0,Yes
EMP-975FEE37,40,Research & Development,Laboratory Technician,2,3689,9,No
EMP-DBA8366D,46,Engineering,Senior Software Engineer,11,4384,3,No
EMP-952F14F6,27,Customer Support,Customer Success Manager,1,8786,1,No
EMP-43D4BF14,43,Customer Support,Support Director,20,9815,7,No
EMP-555D4A61,44,Customer Support,Customer Success Manager,3,10931,11,No
EMP-E3748E48,44,Human Resources,HR Generalist,1,6279,2,No
EMP-FF848839,49,Engineering,Senior Software Engineer,7,5855,2,No
EMP-AEF66688,32,Human Resources,HR Director,13,9491,12,Yes
EMP-C494EF95,45,Customer Support,Support Specialist,3,3477,12,No
EMP-6AEBA125,45,Engineering,Software Engineer,1,4738,16,Yes
EMP-C08F1C74,28,Human Resources,HR Generalist,17,5303,1,No
EMP-6FA521E7,41,Sales,Regional Manager,1,11805,1,No
EMP-EC95CE8C,37,Engineering,Senior Software Engineer,3,5636,4,No
EMP-11628577,27,Sales,Sales Representative,13,2718,0,No
EMP-807EAC16,47,Customer Support,Support Director,22,11652,1,Yes
EMP-5D0A1BB4,36,Customer Support,Customer Success Manager,15,9397,0,No
EMP-DBCF0D11,38,Sales,Sales Representative,1,5394,8,Yes
EMP-8BB27795,28,Human Resources,HR Director,1,9886,10,Yes
EMP-24FDA365,47,Research & Development,Laboratory Technician,21,4601,4,No
EMP-3A74F552,18,Engineering,Senior Software Engineer,3,6813,0,No
EMP-B8D0D634,43,Customer Support,Support Specialist,22,5648,2,No
EMP-55ACA7AD,54,Human Resources,HR Business Partner,8,7577,6,No
EMP-86AAC0B6,38,Human Resources,HR Director,1,7677,2,No
EMP-0A9711C3,59,Human Resources,HR Generalist,30,3788,4,No
EMP-C25ED6EA,38,Customer Support,Support Director,10,11634,0,No
EMP-F7AE0E49,30,Human Resources,HR Director,6,8015,0,No
EMP-E0A08AA6,33,Customer Support,Support Specialist,35,3169,2,Yes
EMP-DDE42F39,23,Customer Support,Support Director,9,9500,1,Yes
EMP-D050FA7E,38,Human Resources,HR Business Partner,1,4250,0,No
EMP-FB593BC6,34,Engineering,Software Engineer,16,3097,4,No
EMP-67BBACBE,19,Sales,Sales Representative,26,4138,1,No
EMP-68C6F840,40,Human Resources,HR Generalist,1,3097,2,No
EMP-D619E098,48,Customer Support,Support Specialist,6,4025,6,No
EMP-17583F2C,30,Engineering,Engineering Manager,5,7783,2,No
EMP-128D6E74,40,Human Resources,HR Business Partner,9,6610,1,Yes
EMP-6BA11898,33,Research & Development,Manufacturing Director,2,9776,0,No
EMP-540C7A99,54,Engineering,Software Engineer,1,5076,2,No
EMP-9F8F63D2,18,Research & Development,Research Scientist,1,3137,0,Yes
EMP-EE77CA3E,36,Sales,Regional Manager,1,9692,2,No
EMP-9EDA9F81,39,Customer Support,Support Specialist,11,4530,2,No
EMP-B67A049E,37,Customer Support,Support Specialist,10,4022,12,No
EMP-E32018FD,47,Research & Development,Research Scientist,12,4344,0,Yes
EMP-CFE29395,26,Customer Support,Support Specialist,1,4130,2,No
EMP-283FD5F7,36,Sales,Sales Representative,8,2000,0,No
EMP-91292994,39,Research & Development,Research Director,4,8366,6,No
EMP-B53D8DC1,47,Engineering,Software Engineer,11,4512,2,No
EMP-5ECEA68A,26,Human Resources,HR Business Partner,3,7102,7,No
EMP-7861EDAF,51,Research & Development,Manufacturing Director,17,9299,9,No
EMP-077D02B6,36,Customer Support,Customer Success Manager,3,10572,4,No
EMP-0EF376B4,51,Human Resources,HR Business Partner,12,4005,5,No
EMP-062759F2,27,Engineering,Software Engineer,5,3507,0,No
EMP-216664DE,34,Customer Support,Support Specialist,1,4935,0,No
EMP-D6F6CFEF,51,Sales,Regional Manager,4,11274,0,No
EMP-1485ED6F,21,Human Resources,HR Director,11,8632,3,No
EMP-CB8B4EA6,25,Customer Support,Support Specialist,44,3289,3,Yes
EMP-F4BB9624,29,Research & Development,Manufacturing Director,6,10108,0,No
EMP-546C8E02,43,Customer Support,Support Specialist,4,4007,0,No
EMP-1EFDC2B6,37,Sales,Sales Executive,1,3555,0,No
EMP-8866FE50,35,Human Resources,HR Generalist,3,5918,11,No
EMP-35635ED3,44,Engineering,Engineering Manager,9,9199,8,No
EMP-704FBA0F,36,Engineering,Software Engineer,4,4537,2,No
EMP-96F3C756,26,Sales,Sales Representative,8,4171,3,No
EMP-8680691D,44,Human Resources,HR Generalist,5,4601,1,Yes
EMP-0030C03C,30,Human Resources,HR Business Partner,1,5254,2,No
EMP-EA887264,18,Research & Development,Research Director,8,10497,0,No
EMP-6D76F4F2,58,Sales,Sales Executive,6,2896,2,Yes
EMP-6B2413DC,49,Research & Development,Research Scientist,9,6350,1,No
EMP-9C2F0932,33,Customer Support,Support Director,6,9472,3,No
EMP-4037338E,40,Human Resources,HR Generalist,7,4561,10,No
EMP-0BCEDC5D,41,Sales,Sales Executive,1,3530,7,No
EMP-3633CCBA,44,Customer Support,Customer Success Manager,28,9156,0,Yes
EMP-53836066,41,Engineering,Engineering Manager,6,9564,9,No
EMP-4BE142E6,20,Customer Support,Support Director,3,11114,1,No
EMP-0A020F6F,32,Research & Development,Manufacturing Director,7,11249,3,No
EMP-DC7B32AA,48,Customer Support,Customer Success Manager,39,9867,2,Yes
EMP-59A7E01D,43,Engineering,Software Engineer,8,4774,15,No
EMP-FC23D057,36,Sales,Regional Manager,19,9418,2,No
EMP-FC1DB106,43,Sales,Regional Manager,9,6071,13,No
EMP-E6C50E2A,37,Customer Support,Support Director,11,9133,6,Yes
EMP-42D537D7,30,Engineering,Software Engineer,3,4488,2,No
EMP-915AAD88,31,Human Resources,HR Business Partner,2,7034,13,No
EMP-47F38FCF,47,Human Resources,HR Generalist,3,4615,0,No
EMP-7DD9802E,45,Sales,Regional Manager,13,10219,0,No
EMP-B884456C,46,Human Resources,HR Generalist,10,4905,7,Yes
EMP-4CE1BC3D,41,Customer Support,Customer Success Manager,1,10884,3,No
EMP-D088112F,36,Research & Development,Research Director,5,8706,0,No
EMP-7CF20496,30,Engineering,Engineering Manager,16,9230,12,No
EMP-15A3A533,19,Research & Development,Laboratory Technician,1,4255,1,No
EMP-69FFD165,44,Engineering,Software Engineer,1,5125,0,No
EMP-A2C40924,21,Sales,Sales Executive,2,3084,1,No
EMP-6A5F278F,46,Human Resources,HR Business Partner,3,5767,3,No
EMP-1C24291C,44,Customer Support,Customer Success Manager,38,8112,4,No
EMP-571774D7,51,Research & Development,Manufacturing Director,1,8029,10,No
EMP-3C723D0F,18,Sales,Regional Manager,8,9820,0,No
EMP-3F905D96,40,Sales,Sales Representative,2,3410,6,No
EMP-314AD678,42,Engineering,Engineering Manager,8,10206,3,No
EMP-67246834,41,Engineering,Senior Software Engineer,3,5389,3,No
EMP-1B6EE57F,31,Engineering,Engineering Manager,9,9108,0,No
EMP-CBD6031F,29,Customer Support,Customer Success Manager,1,10945,3,No
EMP-E01BE2C8,34,Engineering,Software Engineer,18,4186,0,No
EMP-48134556,46,Research & Development,Manufacturing Director,3,8559,0,No
EMP-68F20728,24,Sales,Sales Representative,18,3016,1,No
EMP-DA23AB7B,40,Human Resources,HR Business Partner,5,6232,12,No
EMP-2E2E9E79,41,Engineering,Software Engineer,1,3876,5,No
EMP-2B7A13A5,18,Human Resources,HR Business Partner,10,5838,0,Yes
EMP-C5EC07D9,47,Human Resources,HR Director,33,11083,7,No
EMP-E239BD5C,38,Human Resources,HR Director,3,9836,0,No
EMP-7DA462DE,44,Sales,Sales Executive,1,5444,2,No
EMP-99C4B7AD,38,Engineering,Senior Software Engineer,5,6721,3,No
EMP-F54CDC84,32,Research & Development,Laboratory Technician,4,2535,0,Yes
EMP-9FE97D52,33,Customer Support,Support Director,17,11342,9,No
EMP-ECB4379C,44,Sales,Sales Executive,6,2633,10,Yes
EMP-DBBDDBB8,44,Human Resources,HR Business Partner,9,4713,1,No
EMP-5DF1C66A,41,Customer Support,Support Specialist,13,2917,1,No
EMP-0E94F25A,26,Engineering,Senior Software Engineer,12,7971,1,No
EMP-2416F4B0,34,Sales,Regional Manager,4,10323,0,Yes
EMP-E27766EC,38,Human Resources,HR Business Partner,3,4797,9,No
EMP-60B92EDF,35,Human Resources,HR Generalist,6,2806,2,No
EMP-CC6D7BBE,62,Sales,Regional Manager,1,10541,3,No
EMP-BBE02020,38,Customer Support,Customer Success Manager,11,10256,1,No
EMP-4B4DF316,45,Sales,Sales Representative,7,4861,18,No
EMP-B77B4EAD,44,Engineering,Software Engineer,1,4710,1,No
EMP-D9B108A9,39,Human Resources,HR Director,4,11458,2,No
EMP-9819A012,39,Engineering,Software Engineer,18,4061,0,Yes
EMP-64E55196,39,Sales,Sales Representative,15,4292,3,No
EMP-D040FD7D,21,Engineering,Software Engineer,1,3005,1,No
EMP-FEF72463,36,Human Resources,HR Director,13,7628,3,No
EMP-8A05C275,38,Sales,Regional Manager,32,9876,0,No
EMP-E9F89CA2,25,Human Resources,HR Generalist,2,3260,0,No
EMP-E043F57E,50,Research & Development,Manufacturing Director,8,10269,0,No
EMP-049A8367,42,Sales,Sales Executive,4,5368,5,No
EMP-528019FB,29,Research & Development,Research Director,24,8090,1,Yes
EMP-1E5A1C0A,47,Customer Support,Support Director,12,9508,0,No
EMP-0CA5EF59,29,Customer Support,Support Specialist,1,6507,11,No
EMP-B844AF4A,21,Sales,Sales Executive,6,4221,3,No
EMP-88590510,36,Engineering,Engineering Manager,16,9171,3,No
EMP-C855CB14,18,Engineering,Engineering Manager,1,11440,0,Yes
EMP-7D960C23,23,Human Resources,HR Director,1,9280,5,Yes
EMP-8FF42281,33,Engineering,Engineering Manager,32,10306,1,No
EMP-A69F41FD,22,Research & Development,Research Scientist,5,4554,4,No
EMP-D5521E42,39,Research & Development,Research Director,39,8805,1,No
EMP-86AE4A47,42,Sales,Sales Executive,14,4022,0,No
EMP-06A0B6F1,56,Human Resources,HR Generalist,2,3770,5,No
EMP-ABC9B6AA,28,Research & Development,Manufacturing Director,8,10166,7,No
EMP-1C922133,34,Customer Support,Customer Success Manager,1,9599,2,No
EMP-EBDD4054,25,Human Resources,HR Generalist,3,4725,7,No
EMP-D0B21D90,33,Customer Support,Customer Success Manager,5,9919,0,Yes
EMP-4667C893,58,Human Resources,HR Director,1,9303,1,No
EMP-91D52244,45,Customer Support,Support Director,49,9382,0,Yes
EMP-C1A75F20,31,Customer Support,Support Specialist,4,5585,7,No
EMP-733E92D3,19,Customer Support,Support Director,15,10809,1,No
EMP-A3E6A316,18,Human Resources,HR Director,10,10671,0,Yes
EMP-1E218372,38,Sales,Sales Executive,2,2855,0,Yes
EMP-3E15323E,33,Customer Support,Customer Success Manager,30,10423,4,No
EMP-C3E1A1CA,57,Customer Support,Customer Success Manager,7,7722,7,No
EMP-5F2C9478,29,Sales,Sales Representative,22,2403,11,No
EMP-03256FA2,36,Customer Support,Customer Success Manager,15,10705,3,No
EMP-04CE4742,23,Human Resources,HR Business Partner,8,5985,1,No
EMP-3D604BE1,46,Engineering,Senior Software Engineer,2,5495,0,No
EMP-DCE94814,18,Sales,Sales Executive,16,4238,0,No
EMP-B5D22778,50,Engineering,Senior Software Engineer,14,4714,5,No
EMP-3642BCB5,20,Customer Support,Support Specialist,5,4383,0,No
EMP-089177C0,41,Human Resources,HR Director,1,9015,2,No
EMP-3006EC55,31,Human Resources,HR Business Partner,36,6040,1,Yes
EMP-940C9865,27,Human Resources,HR Director,2,8297,0,No
EMP-B3A21C3F,44,Human Resources,HR Generalist,13,2621,9,No
EMP-49B5F2DF,20,Human Resources,HR Business Partner,3,5186,2,No
EMP-D253D41D,33,Sales,Sales Executive,4,4554,11,No
EMP-9A618621,32,Engineering,Engineering Manager,8,11306,5,No
EMP-E16F7BE2,38,Research & Development,Manufacturing Director,12,8630,0,No
EMP-378C26EA,42,Human Resources,HR Generalist,30,5681,0,No
EMP-7884D46C,44,Engineering,Engineering Manager,3,7796,6,No
EMP-E98A6F40,34,Human Resources,HR Business Partner,7,6300,3,Yes
EMP-39F1AEB0,44,Engineering,Engineering Manager,17,9380,5,No
EMP-77599827,34,Research & Development,Research Scientist,25,6154,5,No
EMP-CB5CFEA2,44,Sales,Sales Executive,3,4505,8,No
EMP-1BFCA99F,32,Customer Support,Support Director,4,8279,14,No
EMP-DD7BF6A8,42,Human Resources,HR Director,12,10534,4,Yes
EMP-D3F35208,37,Sales,Sales Representative,4,4802,0,Yes
EMP-23197381,44,Human Resources,HR Director,4,10618,0,No
EMP-80595B15,22,Engineering,Senior Software Engineer,12,5571,4,Yes
EMP-F48848BA,43,Sales,Regional Manager,1,9659,3,No
EMP-BEA345F8,44,Human Resources,HR Director,1,10105,8,No
EMP-64C97325,18,Engineering,Engineering Manager,1,10916,0,No
EMP-EB68F599,33,Customer Support,Customer Success Manager,3,8564,10,No
EMP-14FC6F70,48,Customer Support,Support Director,2,10340,4,No
EMP-CCE44FD1,50,Research & Development,Laboratory Technician,23,4313,0,No
EMP-93073647,34,Human Resources,HR Director,7,9772,1,No
EMP-1E5997D9,27,Research & Development,Research Scientist,9,2376,2,No
EMP-BD757850,31,Engineering,Engineering Manager,1,11440,7,Yes
EMP-276EA661,32,Sales,Sales Executive,11,2000,2,No
EMP-43B444A2,36,Engineering,Engineering Manager,28,8942,5,No
EMP-5D2CDBDC,49,Customer Support,Support Director,2,11338,2,Yes
EMP-D6524756,33,Customer Support,Customer Success Manager,3,9912,1,Yes
EMP-DE6482E0,41,Customer Support,Support Director,1,9541,3,No
EMP-32474486,35,Customer Support,Customer Success Manager,13,8490,6,No
EMP-81701C6D,19,Customer Support,Support Director,5,8484,1,No
EMP-F670B5E4,37,Customer Support,Customer Success Manager,3,7860,1,No
EMP-848F574A,40,Sales,Sales Representative,9,4083,0,No
EMP-E505443D,32,Sales,Sales Representative,9,3674,4,No
EMP-A10D7FF1,25,Sales,Regional Manager,1,10595,7,No
EMP-36EE328E,46,Customer Support,Support Director,12,8222,4,No
EMP-7E7714BF,26,Sales,Regional Manager,9,8498,8,No
EMP-CAE79077,43,Customer Support,Support Director,2,10008,4,No
EMP-5CA41CA0,48,Engineering,Software Engineer,5,5403,0,No
EMP-7DFE781E,22,Research & Development,Laboratory Technician,5,4617,4,No
EMP-202CF53D,49,Sales,Sales Executive,2,3599,5,Yes
EMP-9557E76F,37,Human Resources,HR Business Partner,1,5790,6,No
EMP-02376535,36,Research & Development,Research Director,2,10591,2,No
EMP-6AAE5D1E,55,Customer Support,Customer Success Manager,10,11257,1,No
EMP-FBE8D2BC,32,Sales,Regional Manager,2,9916,10,No
EMP-C7C74186,30,Research & Development,Manufacturing Director,3,8771,1,No
EMP-D8DEE757,37,Engineering,Engineering Manager,13,8741,4,No
EMP-5FB15DD6,32,Research & Development,Research Director,30,9887,9,No
EMP-D5DE7E1F,42,Human Resources,HR Director,26,10166,3,No
EMP-9866D4E6,42,Human Resources,HR Director,13,8114,6,No
EMP-E46C2554,30,Research & Development,Manufacturing Director,4,9645,12,No
EMP-EE952733,48,Research & Development,Manufacturing Director,3,12436,2,No
EMP-0687EE30,41,Research & Development,Research Director,15,10465,3,No
EMP-928C3A8A,24,Human Resources,HR Director,12,10431,2,No
EMP-6F31F7BF,57,Human Resources,HR Business Partner,27,5080,0,Yes
EMP-54EFC6AF,32,Customer Support,Customer Success Manager,5,10631,0,No
EMP-4F7A0671,38,Engineering,Senior Software Engineer,1,3696,3,No
EMP-C0971BC4,33,Research & Development,Manufacturing Director,10,11332,1,Yes
EMP-18B3341C,35,Sales,Sales Representative,1,3664,1,No
EMP-B86BE3AB,45,Human Resources,HR Director,16,10008,5,No
EMP-0907D712,34,Research & Development,Manufacturing Director,3,8865,1,No
EMP-F7241A7A,65,Human Resources,HR Generalist,4,5493,2,Yes
EMP-2CDCF473,42,Customer Support,Support Specialist,3,4656,12,No
EMP-870736CD,36,Customer Support,Support Specialist,4,4393,3,No
EMP-16FAFA32,35,Sales,Sales Executive,8,2978,3,No
EMP-31F4CCB7,41,Engineering,Software Engineer,11,3623,9,No
EMP-56E0AC0F,42,Research & Development,Laboratory Technician,5,4728,4,No
EMP-7629E267,42,Research & Development,Research Director,1,8488,5,No
EMP-534D2C37,33,Engineering,Senior Software Engineer,1,5645,0,No
EMP-B7947737,47,Human Resources,HR Business Partner,7,7102,0,No
EMP-A89FAAE9,30,Sales,Sales Executive,1,2489,1,No
EMP-D6AD3303,62,Research & Development,Laboratory Technician,2,4519,0,No
EMP-A776509A,24,Research & Development,Research Director,2,8922,6,No
EMP-C1D908F0,48,Research & Development,Laboratory Technician,5,6506,2,No
EMP-979858A9,56,Engineering,Senior Software Engineer,12,6467,0,Yes
EMP-13B2BCD4,18,Human Resources,HR Generalist,20,4004,0,Yes
EMP-5AF19586,27,Customer Support,Support Director,9,9702,0,Yes
EMP-14EE99DB,29,Human Resources,HR Business Partner,11,5510,1,No
EMP-0E7A5849,46,Customer Support,Support Director,2,9318,3,No
EMP-0762A614,35,Research & Development,Research Director,15,9539,0,No
EMP-BE0DCF6B,64,Sales,Sales Representative,9,2665,5,Yes
EMP-824D4628,40,Engineering,Engineering Manager,18,11710,8,No
EMP-9BC946F4,37,Research & Development,Laboratory Technician,4,5468,7,No
EMP-A77B86F9,24,Human Resources,HR Director,19,9356,6,No
EMP-3AEC6ACF,29,Research & Development,Research Scientist,4,3923,8,No
EMP-C8F0311E,37,Engineering,Senior Software Engineer,1,6069,10,No
EMP-D3B09D36,46,Sales,Sales Representative,34,2000,0,No
EMP-951DB201,31,Research & Development,Research Scientist,4,4253,8,No
EMP-F2B9850A,19,Research & Development,Laboratory Technician,2,4743,1,No
EMP-EF1C478A,31,Research & Development,Research Director,4,9378,3,No
EMP-931B54C8,46,Human Resources,HR Business Partner,12,7529,0,No
EMP-58863EA8,44,Customer Support,Support Specialist,6,2634,0,Yes
EMP-6D4E3788,43,Human Resources,HR Director,7,10402,0,No
EMP-FA7CF3DC,42,Sales,Sales Representative,15,5746,6,No
EMP-9109AE13,38,Engineering,Engineering Manager,1,11292,5,No
EMP-C4A15545,52,Human Resources,HR Director,1,10437,1,Yes
EMP-7CB00811,40,Human Resources,HR Business Partner,23,6555,7,No
EMP-093C7867,54,Research & Development,Research Scientist,21,5285,4,No
EMP-D137D3B4,27,Engineering,Engineering Manager,6,10077,6,No
EMP-96613D28,29,Human Resources,HR Business Partner,3,5217,1,No
EMP-DF3A8DFC,34,Engineering,Engineering Manager,23,7913,3,No
EMP-FC241B99,28,Research & Development,Research Scientist,17,5823,5,No
EMP-9C013A40,31,Customer Support,Support Specialist,11,5025,1,No
EMP-4849D976,39,Customer Support,Support Director,3,10263,1,No
EMP-E05C436F,43,Customer Support,Support Specialist,2,2861,4,Yes
EMP-8D78FFC6,46,Customer Support,Support Director,16,8120,7,No
EMP-5CF268A5,31,Customer Support,Support Specialist,1,4698,6,No
EMP-015740CA,27,Customer Support,Customer Success Manager,1,7244,1,Yes
EMP-C4B62EDB,41,Research & Development,Research Director,1,7722,5,Yes
EMP-17E275A6,44,Customer Support,Customer Success Manager,21,9237,1,No
EMP-370B67F5,41,Engineering,Software Engineer,2,4379,4,No
EMP-18FAEDC3,45,Engineering,Engineering Manager,19,10334,27,Yes
EMP-02365440,27,Engineering,Engineering Manager,1,9307,2,No
EMP-954FCF7E,41,Sales,Sales Representative,3,5717,5,No
EMP-5EC99489,44,Sales,Regional Manager,14,11194,0,No
EMP-7AA2FD76,41,Sales,Sales Executive,8,5309,4,No
EMP-5DFAA524,40,Sales,Regional Manager,8,10854,22,No
EMP-070F9F2F,34,Sales,Sales Representative,12,5876,2,Yes
EMP-30B2CFE4,42,Engineering,Software Engineer,26,2320,13,No
EMP-3E04D00C,41,Engineering,Senior Software Engineer,2,3479,23,No
EMP-AAE87C33,44,Engineering,Senior Software Engineer,8,7062,0,No
EMP-EEBB298B,57,Engineering,Senior Software Engineer,11,5393,2,Yes
EMP-7FBAC959,57,Customer Support,Support Specialist,11,4004,5,No
EMP-0BB88135,30,Human Resources,HR Generalist,10,3417,4,Yes
EMP-0D83648A,43,Customer Support,Customer Success Manager,6,8544,5,No
EMP-96EA9028,34,Research & Development,Laboratory Technician,1,4410,7,No
EMP-C8F37212,53,Human Resources,HR Business Partner,18,7024,8,No
EMP-DE4925F0,38,Customer Support,Customer Success Manager,6,10269,2,No
EMP-B148DE6E,40,Research & Development,Research Scientist,3,2618,12,No
EMP-B24A64DF,55,Research & Development,Manufacturing Director,4,11487,0,Yes
EMP-53B4C808,37,Sales,Sales Executive,1,3458,4,No
EMP-C17CA615,26,Engineering,Engineering Manager,19,10347,8,No
EMP-2FE77176,44,Sales,Sales Executive,3,3034,8,Yes
EMP-D14411E9,40,Sales,Regional Manager,36,10584,3,Yes
EMP-A8283ABE,32,Customer Support,Support Director,37,9364,8,No
EMP-D4060ACF,35,Sales,Sales Executive,1,3104,1,No
EMP-B65AAF94,36,Engineering,Senior Software Engineer,3,4141,0,No
EMP-ABBBE2A5,35,Research & Development,Laboratory Technician,36,3710,7,Yes
EMP-D5585F21,37,Human Resources,HR Generalist,3,4575,8,No
EMP-EE8405F8,25,Customer Support,Customer Success Manager,2,8349,0,No
EMP-88927D55,30,Human Resources,HR Generalist,11,2444,0,Yes
EMP-F45AC5A1,43,Research & Development,Research Scientist,1,3331,2,No
EMP-79393C3C,37,Human Resources,HR Generalist,3,2981,4,No
EMP-6EF9BD5E,34,Customer Support,Support Director,8,9961,3,No
EMP-E83CA7B4,41,Engineering,Engineering Manager,3,8395,3,No
EMP-E86C5536,37,Human Resources,HR Director,3,8600,8,No
EMP-6E8A100B,36,Customer Support,Customer Success Manager,6,8837,6,No
EMP-BB48C315,56,Engineering,Software Engineer,15,4976,9,No
EMP-F3E3D9E5,41,Research & Development,Research Director,18,7286,22,No
EMP-71734A3F,35,Research & Development,Manufacturing Director,2,10614,3,No
EMP-BB47FEF3,37,Research & Development,Research Director,6,11644,9,No
EMP-F1189115,47,Customer Support,Customer Success Manager,5,9160,1,No
EMP-5D83C7C8,53,Customer Support,Support Director,1,9271,1,Yes
EMP-E623D6B4,57,Research & Development,Manufacturing Director,6,11551,5,No
EMP-27C7EC65,40,Sales,Sales Representative,4,2180,5,No
EMP-44473967,40,Sales,Regional Manager,2,8283,1,No
EMP-5CDCFB2E,31,Research & Development,Laboratory Technician,17,3353,1,Yes
EMP-8E5F8941,26,Customer Support,Support Director,4,9864,7,Yes
EMP-DAA0B0F4,30,Sales,Sales Executive,8,3723,9,No
EMP-D4B28B9F,32,Customer Support,Support Director,11,10180,1,No
EMP-49914D10,42,Research & Development,Research Director,2,9230,1,Yes
EMP-D0EC0F34,43,Human Resources,HR Business Partner,13,7474,0,No
EMP-EFE7840C,18,Sales,Sales Executive,1,3298,0,No
EMP-763CA25F,28,Sales,Regional Manager,2,8798,10,No
EMP-9325D9B2,18,Engineering,Software Engineer,14,2000,0,No
EMP-D4B40F2B,18,Research & Development,Research Director,9,9000,0,No
EMP-5B41881F,32,Customer Support,Customer Success Manager,17,11266,0,No
EMP-47D08AC2,39,Engineering,Senior Software Engineer,9,3443,12,No
EMP-74E6A439,43,Human Resources,HR Business Partner,1,10711,0,No
EMP-8E35054F,18,Customer Support,Customer Success Manager,18,11669,0,No
EMP-1E072830,37,Engineering,Senior Software Engineer,2,5490,0,No
EMP-4722876C,32,Human Resources,HR Business Partner,9,6395,1,No
EMP-E637EFF2,33,Customer Support,Support Specialist,16,2643,2,No
EMP-4F947F4F,32,Sales,Sales Representative,14,4430,1,No
EMP-30B15129,44,Customer Support,Support Director,26,11818,2,No
EMP-8E19A9F0,38,Human Resources,HR Generalist,14,5555,1,Yes
EMP-4A420309,36,Research & Development,Research Director,32,9522,5,No
EMP-DFB1A304,36,Research & Development,Research Director,9,9857,5,No
EMP-8506B370,46,Human Resources,HR Business Partner,29,5453,10,No
EMP-48CD3877,29,Engineering,Engineering Manager,3,10746,11,No
EMP-D4D54AC5,46,Engineering,Senior Software Engineer,46,7767,1,Yes
EMP-58000279,31,Human Resources,HR Generalist,5,3724,1,Yes
EMP-8D0A03ED,47,Customer Support,Customer Success Manager,27,9040,1,Yes
EMP-7B99B289,44,Customer Support,Support Director,1,9371,0,No
EMP-E5F5B47A,41,Customer Support,Support Specialist,1,2622,17,No
EMP-903005EF,38,Sales,Regional Manager,2,6010,3,Yes
EMP-53DC2A4F,50,Sales,Sales Representative,14,4932,4,No
EMP-9D259CE7,28,Research & Development,Laboratory Technician,5,6096,10,No
EMP-AA06D8B8,49,Sales,Sales Executive,3,2672,1,No
EMP-55DBEE3B,32,Human Resources,HR Generalist,5,2732,8,No
EMP-D22D3D1E,41,Customer Support,Customer Success Manager,7,8915,1,No
EMP-8B593BE3,18,Sales,Sales Executive,9,3917,0,No
EMP-492C490F,47,Engineering,Software Engineer,4,4126,6,Yes
EMP-E50721BB,43,Human Resources,HR Director,17,9839,4,No
EMP-3F8A6DF8,45,Sales,Regional Manager,5,9946,1,No
EMP-A46E8FED,36,Engineering,Software Engineer,8,4112,3,Yes
EMP-6C826888,53,Sales,Regional Manager,1,10322,5,No
EMP-BF1365A5,28,Research & Development,Manufacturing Director,1,9692,4,No
EMP-F2372F16,41,Human Resources,HR Business Partner,17,5813,20,Yes
EMP-CF1CB2AE,18,Engineering,Senior Software Engineer,1,4967,0,No
EMP-AC22DDEE,33,Research & Development,Manufacturing Director,2,11865,4,No
EMP-AA4323DF,42,Sales,Regional Manager,4,7743,8,No
EMP-B085E07C,37,Sales,Sales Executive,4,5590,2,No
EMP-0E969FBF,32,Engineering,Engineering Manager,2,10846,0,No
EMP-B2EF386B,22,Sales,Regional Manager,18,6201,1,Yes
EMP-7B605F53,50,Engineering,Senior Software Engineer,17,5444,2,No
EMP-6171AA35,19,Human Resources,HR Director,26,9133,0,No
EMP-B11536B9,39,Sales,Regional Manager,7,10139,0,No
EMP-81F828CC,18,Research & Development,Research Scientist,1,3210,0,No
EMP-1F86D2A0,38,Customer Support,Customer Success Manager,12,10136,0,No
EMP-B4B4B17B,28,Sales,Regional Manager,9,9352,10,No
EMP-BF4C7209,32,Customer Support,Support Director,4,9869,3,No
EMP-4B439601,49,Research & Development,Manufacturing Director,16,9196,4,Yes
EMP-C5D545E8,24,Research & Development,Research Scientist,1,3148,2,No
EMP-46252C6F,55,Engineering,Software Engineer,10,2971,0,Yes
EMP-4B67AA17,25,Customer Support,Support Specialist,1,3525,7,No
EMP-F7E5D79A,37,Engineering,Engineering Manager,1,8964,10,No
EMP-629E04E2,22,Human Resources,HR Business Partner,6,6385,4,No
EMP-21410515,40,Research & Development,Laboratory Technician,9,4831,2,No
EMP-1863C6F7,40,Human Resources,HR Generalist,11,5958,2,Yes
EMP-2CC995E8,45,Research & Development,Laboratory Technician,1,4663,8,No
EMP-2A8AF5F8,50,Customer Support,Support Director,5,9768,2,No
EMP-F0512BED,36,Human Resources,HR Generalist,18,4371,3,No
EMP-4A6F0E4F,18,Engineering,Senior Software Engineer,8,6172,0,No
EMP-7E0A2183,37,Customer Support,Customer Success Manager,13,10103,2,No
EMP-83E1D072,48,Customer Support,Support Director,29,10300,2,No
EMP-30AB5C5D,30,Customer Support,Customer Success Manager,46,10626,0,No
EMP-524F681B,54,Sales,Sales Executive,11,5284,0,No
EMP-4A51D753,25,Engineering,Engineering Manager,3,10286,3,No
EMP-FFBC2049,26,Research & Development,Research Director,1,9260,2,No
EMP-24A7ED40,41,Sales,Sales Executive,1,4301,2,Yes
EMP-4479377C,48,Human Resources,HR Business Partner,1,7986,1,No
EMP-8A2E92D6,42,Human Resources,HR Generalist,26,3570,2,Yes
EMP-2B3A7153,18,Research & Development,Research Director,1,11181,0,No
EMP-870A0CC3,37,Customer Support,Support Director,8,9554,2,No
EMP-4ED5B6A3,38,Sales,Sales Executive,3,4531,6,No
EMP-93F3569A,42,Sales,Regional Manager,4,9278,3,No
EMP-6045B371,37,Human Resources,HR Business Partner,17,5276,8,Yes
EMP-498ED25C,30,Engineering,Senior Software Engineer,16,5145,12,No
EMP-242EB7FD,36,Customer Support,Support Specialist,4,2924,10,No
EMP-BE5A9796,18,Research & Development,Research Director,4,9150,0,Yes
EMP-A790CBA0,25,Human Resources,HR Business Partner,8,6131,7,No
EMP-BAB33505,31,Research & Development,Laboratory Technician,1,4547,1,Yes
EMP-8DE68039,26,Human Resources,HR Business Partner,11,3897,0,No
EMP-96BF3649,37,Sales,Sales Representative,11,3500,1,No
EMP-448CB3B3,24,Research & Development,Research Director,21,10531,6,No
EMP-40A7EBD7,27,Research & Development,Research Director,5,8697,1,Yes
EMP-CD4DE7E9,47,Human Resources,HR Generalist,11,4618,8,No
EMP-ADB8997E,26,Human Resources,HR Director,13,9203,2,No
EMP-59150F05,26,Human Resources,HR Business Partner,1,7072,8,No
EMP-E7928019,46,Customer Support,Support Specialist,20,6195,1,No
EMP-79854D21,60,Customer Support,Support Director,5,8858,2,Yes
EMP-9132EEC3,45,Human Resources,HR Generalist,19,2000,1,No
EMP-61CF7994,39,Human Resources,HR Business Partner,17,6510,4,No
EMP-D00DCC6C,28,Engineering,Engineering Manager,14,8787,1,No
EMP-31E638E6,47,Human Resources,HR Business Partner,3,6541,5,No
EMP-56A1CC09,54,Engineering,Senior Software Engineer,11,7827,4,Yes
EMP-03218C27,21,Customer Support,Support Specialist,14,3370,1,No
EMP-0387FD52,27,Customer Support,Support Specialist,9,4908,6,No
EMP-CEE73AC9,40,Customer Support,Support Specialist,18,2814,0,No
EMP-3837803E,29,Engineering,Engineering Manager,6,11099,11,No
EMP-E8C5DD8A,33,Human Resources,HR Director,1,7169,0,Yes
EMP-0CF8335B,27,Engineering,Engineering Manager,7,11893,0,No
EMP-A60D9E1C,48,Human Resources,HR Generalist,33,2494,0,Yes
EMP-E2133E4C,39,Research & Development,Research Director,8,10725,3,No
EMP-8B4B2738,21,Sales,Sales Representative,24,5270,2,No
EMP-7BD43A55,42,Engineering,Engineering Manager,3,8720,3,No
EMP-8870F94F,44,Customer Support,Support Director,15,9957,5,No
EMP-25475F80,41,Sales,Sales Representative,3,4177,0,No
EMP-1E5D265F,29,Customer Support,Support Director,10,8745,5,No
EMP-BE87F118,35,Sales,Sales Executive,13,4055,1,No
EMP-5C14119A,44,Human Resources,HR Generalist,4,6329,0,No
EMP-B293E9B2,40,Sales,Regional Manager,1,10375,2,No
EMP-F2F50DF4,46,Engineering,Senior Software Engineer,1,6865,0,No
EMP-B19DC6EC,28,Engineering,Software Engineer,2,5626,0,Yes
EMP-532A9551,49,Human Resources,HR Generalist,31,4161,4,No
EMP-875AE427,29,Customer Support,Support Director,7,9636,2,No
EMP-2733889A,22,Customer Support,Support Specialist,2,5804,0,No
EMP-558C84D5,31,Engineering,Senior Software Engineer,1,5654,13,No
EMP-B57B5FDC,52,Customer Support,Support Director,20,6614,27,No
EMP-6787DB27,50,Human Resources,HR Generalist,3,4405,1,No
EMP-9486A63E,54,Human Resources,HR Business Partner,11,4865,1,No
EMP-B0AC1A63,41,Sales,Sales Executive,1,2874,4,No
EMP-DA1F1A56,49,Research & Development,Manufacturing Director,14,10873,10,No
EMP-691E91BD,55,Engineering,Software Engineer,9,3999,1,No
EMP-9D335E71,58,Human Resources,HR Business Partner,18,4782,1,Yes
EMP-BA57E158,37,Engineering,Senior Software Engineer,8,4821,3,Yes
EMP-868BDD47,39,Sales,Regional Manager,7,8515,1,Yes
EMP-1749FF33,49,Human Resources,HR Director,1,10170,3,Yes
EMP-64B75DD9,27,Research & Development,Research Scientist,3,5001,4,No
EMP-CE7A04BC,53,Customer Support,Support Specialist,4,4688,5,No
EMP-32D2E033,24,Engineering,Senior Software Engineer,12,5821,4,No
EMP-D4E3EACE,45,Engineering,Engineering Manager,1,9308,1,Yes
EMP-52E586CE,27,Engineering,Senior Software Engineer,11,7476,2,Yes
EMP-15FB380A,35,Customer Support,Support Specialist,5,5908,13,No
EMP-58652416,32,Engineering,Senior Software Engineer,8,5590,14,Yes
EMP-7EC1F895,32,Research & Development,Research Scientist,4,3801,3,No
EMP-0E6C5D3E,42,Sales,Regional Manager,60,8424,3,Yes
EMP-03CB97EE,26,Customer Support,Support Specialist,1,2000,8,No
EMP-FD55E0F1,20,Research & Development,Research Director,10,7973,2,Yes
EMP-6F27F0FA,32,Engineering,Engineering Manager,16,9813,14,No
EMP-68F75885,42,Human Resources,HR Director,1,9757,3,No
EMP-18E24E9E,52,Engineering,Engineering Manager,5,11768,2,Yes
EMP-1F7D9921,35,Human Resources,HR Business Partner,1,4842,6,No
EMP-B97E069E,59,Human Resources,HR Director,20,11028,4,No
EMP-2CB4BAB4,49,Research & Development,Manufacturing Director,7,8923,0,Yes
EMP-46CEC8A8,46,Human Resources,HR Generalist,5,4166,1,Yes
EMP-B67925F8,37,Research & Development,Research Director,5,9509,4,No
EMP-72FB6FFF,43,Research & Development,Research Director,17,11386,0,No
EMP-73ECD261,60,Engineering,Engineering Manager,17,9114,7,No
EMP-CB89016C,39,Research & Development,Research Scientist,1,3881,10,No
EMP-67D1D134,42,Research & Development,Research Scientist,8,2000,13,No
EMP-10E6AE23,35,Engineering,Engineering Manager,16,12056,15,Yes
EMP-641C02E5,31,Human Resources,HR Generalist,5,3516,5,No
EMP-07B4034B,32,Research & Development,Research Director,9,9423,11,No
EMP-A3A3BA08,25,Customer Support,Support Director,5,8961,0,No
EMP-70DB9F60,42,Engineering,Senior Software Engineer,8,6501,2,No
EMP-3CD83C5F,40,Engineering,Senior Software Engineer,17,7661,4,No
EMP-BDA7096D,42,Customer Support,Support Specialist,5,5615,15,No
EMP-90D2527B,60,Research & Development,Manufacturing Director,2,10666,4,Yes
EMP-61C64A05,25,Research & Development,Manufacturing Director,1,9951,4,No
EMP-7290EB5A,39,Engineering,Engineering Manager,2,11506,5,No
EMP-DA4C5D91,36,Engineering,Engineering Manager,1,8634,1,No
EMP-18A02E54,33,Customer Support,Support Specialist,1,2493,2,Yes
EMP-5877A536,18,Customer Support,Customer Success Manager,4,12063,0,No
EMP-EB755A2F,38,Sales,Regional Manager,1,8194,0,No
EMP-FB47B428,54,Research & Development,Research Director,21,11876,4,Yes
EMP-796312BB,39,Research & Development,Manufacturing Director,10,7995,0,No
EMP-2953EF55,33,Sales,Sales Representative,1,3737,0,No
EMP-6106FF37,38,Sales,Sales Representative,2,2727,2,No
EMP-4E9ADDCF,47,Sales,Sales Executive,1,2000,0,Yes
EMP-3AB64653,49,Customer Support,Support Director,5,11263,3,No
EMP-7D8D81F5,34,Customer Support,Support Director,4,9522,0,No
EMP-E9B4FA97,53,Customer Support,Support Specialist,3,4797,2,No
EMP-D6C66643,34,Research & Development,Laboratory Technician,1,3743,7,No
EMP-301B4E7B,43,Customer Support,Customer Success Manager,6,11922,12,No
EMP-35F76277,36,Research & Development,Manufacturing Director,4,9171,7,No
EMP-CB3E92C7,38,Human Resources,HR Business Partner,2,6061,2,No
EMP-A42D3BF0,41,Customer Support,Support Director,1,9526,8,No
EMP-F1019D1E,50,Research & Development,Research Director,5,8547,4,No
EMP-8122FD5D,42,Human Resources,HR Director,20,10170,0,Yes
EMP-2D675A2F,30,Research & Development,Research Scientist,5,4509,3,No
EMP-6BEE2ED5,43,Human Resources,HR Generalist,56,2000,0,No
EMP-6FC7C86C,28,Engineering,Senior Software Engineer,1,7954,0,Yes
EMP-1DE38DFC,32,Human Resources,HR Director,11,8191,3,No
EMP-C9B0CDE8,19,Engineering,Software Engineer,9,2738,1,No
EMP-0EE0CB5A,36,Sales,Sales Representative,8,2513,4,No
EMP-13744D14,44,Human Resources,HR Director,1,8625,2,No
EMP-6F09FABC,41,Human Resources,HR Business Partner,3,7741,5,No
EMP-31A72397,51,Human Resources,HR Director,13,9975,4,Yes
EMP-9B812313,26,Sales,Regional Manager,3,9557,2,No
EMP-5FC9BBFE,41,Human Resources,HR Generalist,3,7013,0,No
EMP-1D260BB8,19,Engineering,Software Engineer,13,3961,0,No
EMP-6A62D487,44,Research & Development,Research Director,1,9747,3,No
EMP-AE98CCAF,40,Human Resources,HR Business Partner,7,5091,2,No
EMP-67D8A62D,47,Research & Development,Research Director,2,9661,0,No
EMP-A9E345F5,40,Sales,Sales Executive,22,5289,4,Yes
EMP-57720828,35,Engineering,Software Engineer,13,5574,12,No
EMP-6FEFD4AB,25,Research & Development,Research Director,3,9944,1,No
EMP-DA37EAF4,29,Engineering,Software Engineer,8,2720,4,No
EMP-E7C54873,57,Research & Development,Manufacturing Director,1,8132,0,Yes
EMP-4C271FED,38,Human Resources,HR Generalist,2,2447,1,No
EMP-21B5BA3C,50,Human Resources,HR Generalist,1,3524,5,No
EMP-5C3DB96A,48,Research & Development,Laboratory Technician,26,4724,0,No
EMP-2E32A721,61,Human Resources,HR Director,10,7824,5,No
EMP-BC0D27D2,28,Research & Development,Research Director,21,10808,0,No
EMP-26D86161,41,Sales,Sales Executive,2,3727,1,No
EMP-44CC7767,58,Sales,Sales Executive,2,4000,7,No
EMP-4E0922B4,30,Customer Support,Support Director,5,10898,1,No
EMP-13BFD6AA,38,Sales,Regional Manager,27,9733,1,No
EMP-917D146D,44,Sales,Sales Representative,11,4881,16,No
EMP-534A2BB2,28,Engineering,Software Engineer,11,3659,6,No
EMP-303E0042,24,Sales,Regional Manager,7,10021,1,No
EMP-4E393689,56,Sales,Sales Representative,13,2862,1,No
EMP-41EF4D44,22,Human Resources,HR Generalist,2,3240,4,No
EMP-4038FA69,35,Research & Development,Research Scientist,13,4893,11,Yes
EMP-2EB06B06,34,Customer Support,Support Specialist,31,4444,2,No
EMP-8E069655,33,Research & Development,Research Director,6,9380,0,No
EMP-0BCF3322,29,Research & Development,Research Scientist,16,2663,10,No
EMP-E47191BF,45,Customer Support,Support Director,19,9082,7,No
EMP-CB7E85C6,42,Research & Development,Laboratory Technician,29,3009,5,No
EMP-1CFB8EE9,38,Research & Development,Laboratory Technician,10,2000,3,No
EMP-FA18863E,34,Engineering,Senior Software Engineer,16,5126,9,No
EMP-442EAB64,49,Human Resources,HR Generalist,13,2490,8,No
EMP-BD8BE0B1,36,Sales,Sales Executive,19,4406,0,No
EMP-D0B6848E,48,Customer Support,Support Director,11,10646,1,No
EMP-EA008ADF,37,Sales,Regional Manager,1,9687,6,No
EMP-2F06E709,49,Research & Development,Research Scientist,4,3899,0,No
EMP-6D8B0EAF,39,Human Resources,HR Director,2,11075,6,Yes
EMP-CB003484,62,Research & Development,Research Director,6,9917,8,No
EMP-85D318E6,43,Research & Development,Research Director,1,10607,9,No
EMP-B9B0D5E2,50,Sales,Regional Manager,4,10868,10,No
EMP-1ADE0F58,32,Sales,Sales Representative,5,4399,10,No
EMP-5A79E39F,48,Research & Development,Research Director,3,11343,1,No
EMP-D022A760,36,Customer Support,Customer Success Manager,14,9969,2,No
EMP-1FB066B0,42,Research & Development,Research Director,4,9647,2,No
EMP-5133F8FB,40,Sales,Sales Executive,5,2000,10,No
EMP-A911CEC4,65,Sales,Sales Representative,1,6769,20,No
EMP-C19C9985,36,Sales,Sales Representative,10,3872,4,No
EMP-998CC66B,21,Customer Support,Customer Success Manager,15,7456,1,No
EMP-376DDB44,42,Engineering,Software Engineer,5,5283,3,No
EMP-198C6F64,46,Customer Support,Support Director,7,8606,1,Yes
EMP-CF7E1910,45,Sales,Sales Representative,4,3853,0,Yes
EMP-3FA50946,34,Research & Development,Research Scientist,2,2382,0,No
EMP-A3991FFA,30,Engineering,Engineering Manager,1,10225,0,No
EMP-3D5838F0,41,Sales,Sales Representative,5,4201,0,No
EMP-B737E98B,18,Research & Development,Laboratory Technician,4,4214,0,No
EMP-2858A3BA,32,Engineering,Software Engineer,1,4394,14,No
EMP-E64F6631,50,Customer Support,Support Specialist,4,3462,2,Yes
EMP-9DC7D4AA,39,Research & Development,Laboratory Technician,19,6450,10,Yes
EMP-82B40553,40,Research & Development,Laboratory Technician,6,3973,21,No
EMP-E1925BB5,29,Human Resources,HR Director,7,10587,11,No
EMP-F2D4F00F,28,Human Resources,HR Generalist,1,5564,2,No
EMP-286F59E1,44,Human Resources,HR Director,4,8936,8,No
EMP-E8B33137,30,Sales,Sales Representative,1,3088,1,No
EMP-8E53904D,20,Human Resources,HR Director,5,10165,2,Yes
EMP-5A0EBFE5,18,Customer Support,Support Director,1,9496,0,Yes
EMP-5DB82391,36,Engineering,Engineering Manager,3,9207,1,No
EMP-BCCF5F70,42,Engineering,Engineering Manager,1,8939,5,No
EMP-982CA7B7,39,Research & Development,Manufacturing Director,1,11163,15,No
EMP-6F835058,43,Customer Support,Support Director,1,9105,9,No
EMP-923F7684,38,Research & Development,Laboratory Technician,14,3609,13,Yes
EMP-A42C665E,36,Sales,Sales Executive,3,4254,1,Yes
EMP-1518E2F3,24,Human Resources,HR Business Partner,7,4079,0,No
EMP-39B6B0F1,29,Research & Development,Laboratory Technician,3,4616,3,No
EMP-ACB1AF29,44,Engineering,Software Engineer,10,4972,0,No
EMP-EC7F0E4E,29,Engineering,Engineering Manager,4,9717,2,No
EMP-8677A94C,34,Sales,Regional Manager,1,9451,2,No
EMP-B071D139,34,Customer Support,Support Director,39,9923,2,No
EMP-5CA19358,31,Research & Development,Research Scientist,9,5406,1,No
EMP-C0A35481,49,Sales,Sales Representative,1,4577,2,Yes
EMP-40AA452D,48,Engineering,Senior Software Engineer,4,4292,0,No
EMP-4D363CB2,50,Human Resources,HR Business Partner,4,6455,0,Yes
EMP-B5E77D17,31,Engineering,Software Engineer,3,3148,5,No
EMP-87142894,54,Human Resources,HR Director,4,10593,8,No
EMP-22759F44,36,Customer Support,Support Specialist,16,2280,0,No
EMP-70B505DD,50,Customer Support,Customer Success Manager,1,8271,5,No
EMP-6BDD5188,34,Research & Development,Research Scientist,9,3818,1,Yes
EMP-C8F04C88,30,Engineering,Software Engineer,1,3765,1,No
EMP-FF48896E,37,Human Resources,HR Director,1,9341,1,No
EMP-D3B07874,41,Sales,Sales Representative,21,5984,4,Yes
EMP-0B64B4DF,24,Engineering,Engineering Manager,1,9789,6,No
EMP-4520FF86,27,Sales,Sales Executive,14,2227,2,No
EMP-AC87CC9A,47,Research & Development,Research Director,1,9891,1,No
EMP-64CA8194,22,Sales,Sales Executive,13,3764,4,No
EMP-8AE36B40,19,Sales,Sales Executive,32,2931,1,No
EMP-BAF6A1E5,18,Customer Support,Customer Success Manager,24,9405,0,No
EMP-D58A7F24,44,Human Resources,HR Business Partner,4,6699,2,No
EMP-CE91E830,34,Sales,Regional Manager,15,10801,14,Yes
EMP-27DA5FDA,51,Research & Development,Research Director,16,10452,9,Yes
EMP-74D2C7DC,32,Customer Support,Support Specialist,5,3843,5,No
EMP-842C0363,54,Research & Development,Research Scientist,4,3613,5,No
EMP-DEBAA988,43,Human Resources,HR Business Partner,7,5115,1,No
EMP-B100EEB4,48,Human Resources,HR Business Partner,6,4986,1,No
EMP-7DE8A0B5,37,Research & Development,Laboratory Technician,6,4657,11,No
EMP-B2A4EE40,56,Research & Development,Laboratory Technician,2,4269,2,Yes
EMP-A7962F0C,35,Research & Development,Research Director,1,9196,0,No
EMP-546F9AE6,47,Engineering,Software Engineer,7,4554,0,No
EMP-66CB56D9,44,Research & Development,Research Director,13,11433,7,No
EMP-22CAC102,38,Human Resources,HR Generalist,4,4465,5,Yes
EMP-9F670A14,34,Human Resources,HR Director,16,8672,4,No
EMP-8F76C7BE,32,Sales,Sales Executive,19,2000,2,No
EMP-CC8DBA8C,43,Human Resources,HR Generalist,2,4513,2,Yes
EMP-1269D598,43,Research & Development,Manufacturing Director,7,8598,5,No
EMP-69C04637,32,Sales,Regional Manager,1,8866,1,No
EMP-78640C31,49,Research & Development,Laboratory Technician,10,4223,2,No
EMP-F46104DD,38,Engineering,Engineering Manager,2,10522,0,No
EMP-FB6AA347,31,Research & Development,Laboratory Technician,3,4435,3,No
EMP-59EBCE60,58,Research & Development,Laboratory Technician,1,5548,2,Yes
EMP-051F1112,41,Research & Development,Research Scientist,13,4104,12,No
EMP-688BCC86,43,Engineering,Senior Software Engineer,2,7736,5,No
EMP-B63C734E,51,Sales,Regional Manager,6,11568,3,No
EMP-3C2EDF65,40,Sales,Sales Executive,2,2000,8,No
EMP-298E8102,57,Research & Development,Research Director,5,8670,1,No
EMP-6C762F7D,18,Sales,Sales Representative,27,4901,0,Yes
EMP-664FD998,18,Engineering,Software Engineer,13,4034,0,Yes
EMP-8EB0F6D8,18,Customer Support,Customer Success Manager,25,9215,0,No
EMP-49586A96,54,Engineering,Senior Software Engineer,6,6432,0,Yes
EMP-84392075,38,Engineering,Software Engineer,9,4567,1,No
EMP-6D841697,18,Research & Development,Manufacturing Director,1,8844,0,No
EMP-B5966FA3,33,Research & Development,Laboratory Technician,2,4759,3,No
EMP-E30694B2,28,Customer Support,Support Specialist,1,4238,0,No
EMP-AF9B3053,37,Engineering,Senior Software Engineer,18,5305,1,No
EMP-079B9C02,32,Engineering,Software Engineer,5,3894,4,Yes
EMP-9C0C5165,19,Engineering,Software Engineer,3,4940,0,No
EMP-0D1F14E7,30,Customer Support,Support Specialist,14,3688,12,No
EMP-C2C9B93F,53,Customer Support,Support Specialist,3,4962,4,No
EMP-5FD635D1,26,Human Resources,HR Business Partner,14,2593,1,No
EMP-AAAFB281,43,Engineering,Senior Software Engineer,1,5734,3,No
EMP-31CD8A64,40,Customer Support,Customer Success Manager,7,10519,1,No
EMP-EC9BB58C,47,Research & Development,Laboratory Technician,8,3501,3,No
EMP-66C51ABF,36,Research & Development,Laboratory Technician,9,4471,0,No
EMP-9594D6B4,42,Human Resources,HR Generalist,8,4233,0,No
EMP-C425E3A0,52,Engineering,Engineering Manager,5,10138,10,No
EMP-A7228F3C,45,Customer Support,Support Specialist,9,4335,0,No
EMP-EDDA8E8F,28,Sales,Sales Executive,23,3240,7,No
EMP-1134DBA8,26,Human Resources,HR Director,2,10864,7,No
EMP-2819BEF4,22,Sales,Sales Executive,9,3826,0,No
EMP-35D1DC4A,34,Engineering,Senior Software Engineer,1,3591,16,No
EMP-5329A8E8,34,Research & Development,Research Scientist,2,3633,7,No
EMP-32ABAAF7,54,Human Resources,HR Director,1,7306,0,No
EMP-F943AE20,51,Customer Support,Support Specialist,21,3730,0,No
EMP-6B4A45A4,46,Human Resources,HR Director,4,9695,8,No
EMP-8E2115A5,27,Customer Support,Support Specialist,27,5704,1,No
EMP-F8B244F2,50,Engineering,Engineering Manager,14,8361,13,No
EMP-EA2F6A86,43,Engineering,Software Engineer,13,3292,0,Yes
EMP-7BD01C7E,22,Research & Development,Research Scientist,3,3065,4,Yes
EMP-196E94CC,51,Engineering,Software Engineer,37,5063,2,No
EMP-48415501,35,Customer Support,Support Specialist,20,5627,0,No
EMP-E6421F7F,49,Human Resources,HR Director,5,8667,4,No
EMP-652CE48B,54,Human Resources,HR Generalist,2,3552,0,Yes
EMP-16EDFDCA,35,Customer Support,Support Director,1,7331,2,No
EMP-40D56A8B,31,Sales,Regional Manager,8,9435,10,No
EMP-4926F8C4,41,Sales,Sales Representative,10,2685,2,No
EMP-BC8840E5,30,Engineering,Engineering Manager,7,11587,0,Yes
EMP-562CC9E5,48,Human Resources,HR Business Partner,1,7526,2,Yes
EMP-E51899C2,37,Research & Development,Research Director,6,10005,12,No
EMP-8BCE2047,44,Engineering,Engineering Manager,15,11566,9,No
EMP-52F4E459,22,Customer Support,Support Director,4,6443,4,No
EMP-7EF1AB46,32,Customer Support,Customer Success Manager,19,9892,3,No
EMP-D95214DC,38,Customer Support,Support Specialist,5,3103,10,No
EMP-BBCC6F87,43,Human Resources,HR Generalist,8,3427,0,Yes
EMP-B4FA7FD5,38,Sales,Regional Manager,3,10175,3,No
EMP-66C399BD,33,Engineering,Engineering Manager,2,10552,0,Yes
EMP-BFE0C49B,47,Customer Support,Customer Success Manager,6,8745,1,No
EMP-BA4C6A01,33,Customer Support,Support Specialist,28,2840,2,No
EMP-34179364,37,Sales,Sales Representative,1,4368,11,No
EMP-73A5257D,56,Sales,Sales Executive,41,3588,0,No
EMP-E2BBC375,40,Human Resources,HR Generalist,3,3388,1,No
EMP-34281DD2,33,Sales,Regional Manager,6,10031,4,No
EMP-19E736FE,33,Human Resources,HR Business Partner,15,5924,0,Yes
EMP-1E51B8D4,41,Research & Development,Research Scientist,5,4316,3,No
EMP-D5744C1C,18,Human Resources,HR Business Partner,21,5404,0,No
EMP-0E77F848,48,Sales,Sales Executive,26,2121,16,No
EMP-E3554C22,18,Engineering,Software Engineer,3,4685,0,No
EMP-BE16E46D,40,Engineering,Senior Software Engineer,3,4691,1,No
EMP-048DC6A3,39,Engineering,Software Engineer,1,3248,0,No
EMP-6B9D15A8,42,Customer Support,Support Director,2,6174,1,No
EMP-DA28E22A,35,Research & Development,Research Scientist,33,3354,14,No
EMP-ABE2FBFE,45,Sales,Sales Representative,24,2000,0,Yes
EMP-0AE70171,38,Human Resources,HR Generalist,1,4670,1,Yes
EMP-AFF1D00E,56,Research & Development,Research Director,13,9021,26,No
EMP-5F2A9A6D,41,Sales,Regional Manager,7,7435,2,No
EMP-216EAB0F,37,Sales,Sales Representative,9,5414,1,No
EMP-9D362B21,56,Customer Support,Customer Success Manager,7,10103,23,No
EMP-5167DFC1,22,Engineering,Engineering Manager,14,11226,0,Yes
EMP-7955A1C2,22,Engineering,Software Engineer,5,2584,4,Yes
EMP-D81654B1,52,Human Resources,HR Generalist,8,3906,2,No
EMP-A023B6EA,32,Engineering,Engineering Manager,2,10438,3,No
EMP-32752A05,39,Customer Support,Customer Success Manager,5,12235,17,No
EMP-DB8D0A98,48,Human Resources,HR Generalist,1,4252,4,Yes
EMP-40B5282F,40,Engineering,Engineering Manager,12,10842,2,No
EMP-02CBBC9B,37,Engineering,Software Engineer,5,2934,10,Yes
EMP-CEB65228,45,Sales,Sales Representative,33,3649,2,Yes
EMP-F279998E,40,Customer Support,Customer Success Manager,11,7205,1,Yes
EMP-0EC3189D,36,Sales,Sales Executive,4,3371,1,Yes
EMP-6ADC6A3E,18,Human Resources,HR Generalist,2,3878,0,No
EMP-8E772119,37,Sales,Sales Representative,5,4436,4,No
EMP-8A78ADA2,49,Engineering,Senior Software Engineer,9,7167,0,No
EMP-910C80DA,33,Human Resources,HR Generalist,9,4222,6,No
EMP-AB95253A,43,Engineering,Software Engineer,1,3483,9,No
EMP-FD05AC82,23,Engineering,Senior Software Engineer,1,5749,5,No
EMP-FC091418,50,Sales,Sales Representative,7,2167,0,No
EMP-8C527161,28,Human Resources,HR Generalist,2,3048,2,No
EMP-4D2B73C0,28,Customer Support,Support Specialist,4,4844,2,Yes
EMP-3BB2DB49,31,Sales,Sales Executive,1,4878,1,No
EMP-019C9AC5,38,Customer Support,Customer Success Manager,15,7505,9,No
EMP-7CE8AD13,33,Customer Support,Support Specialist,11,5207,1,No
EMP-5B550A0A,39,Engineering,Engineering Manager,1,9196,2,No
EMP-0EC09D6A,50,Customer Support,Support Director,14,8307,1,No
EMP-02ECB9A7,32,Engineering,Engineering Manager,5,10680,6,No
EMP-5BDC007F,44,Engineering,Senior Software Engineer,9,4615,12,Yes
EMP-520DAF88,42,Sales,Regional Manager,8,8825,1,No
EMP-DD9A89D3,18,Customer Support,Support Director,8,9219,0,No
EMP-2566C1EC,57,Customer Support,Support Specialist,7,5230,0,Yes
EMP-3D139B6A,37,Engineering,Software Engineer,3,2101,1,No
EMP-CE76CA12,18,Research & Development,Research Scientist,2,4056,0,No
EMP-4EB2FC5E,42,Research & Development,Laboratory Technician,1,4859,7,No
EMP-0F6CA498,43,Engineering,Software Engineer,1,4816,5,No
EMP-7BE3D712,40,Research & Development,Manufacturing Director,10,11034,3,No
EMP-4AB95531,32,Sales,Sales Executive,10,4038,0,No
EMP-3828244E,20,Engineering,Engineering Manager,7,8944,0,No
EMP-DF403FC1,47,Human Resources,HR Director,1,10375,0,No
EMP-FE7586BA,18,Sales,Regional Manager,1,12050,0,No
EMP-F7B7B75D,39,Customer Support,Customer Success Manager,9,9811,0,Yes
EMP-CBA0DD55,31,Research & Development,Research Scientist,3,3514,2,No
EMP-608319FC,39,Customer Support,Support Specialist,18,4702,6,No
EMP-3F0DB09D,41,Customer Support,Support Specialist,3,3360,5,No
EMP-321F8A79,28,Customer Support,Customer Success Manager,26,8442,0,No
EMP-F0C4ED15,48,Human Resources,HR Business Partner,18,7131,18,No
EMP-96B6DBDD,42,Customer Support,Support Director,10,10886,0,No
EMP-D71057E3,36,Research & Development,Manufacturing Director,1,10616,2,No
EMP-DE3F1EED,43,Customer Support,Support Director,6,10651,0,No
EMP-B8EEB235,27,Engineering,Software Engineer,26,2000,5,No
EMP-34F355D5,40,Human Resources,HR Director,1,7260,17,No
EMP-D567B717,34,Engineering,Senior Software Engineer,4,3337,5,No
EMP-16C8CF30,50,Sales,Sales Representative,3,5135,1,No
EMP-A4F2FA31,41,Human Resources,HR Business Partner,1,4986,4,No
EMP-8454D292,20,Engineering,Engineering Manager,1,6923,2,No
EMP-54C6E220,32,Research & Development,Research Scientist,5,4835,9,No
EMP-0A1411F7,34,Engineering,Senior Software Engineer,7,6600,1,No
EMP-70786339,43,Engineering,Engineering Manager,1,10416,9,No
EMP-B483547E,18,Research & Development,Research Director,7,8686,0,No
EMP-A19C2A98,42,Engineering,Engineering Manager,2,11396,1,No
EMP-2E2C9192,49,Customer Support,Customer Success Manager,1,9955,0,No
EMP-6F183A1E,50,Customer Support,Support Specialist,3,4346,2,Yes
EMP-EF116873,22,Customer Support,Customer Success Manager,1,10394,4,No
EMP-F9DEB0AB,49,Customer Support,Support Director,13,11819,5,Yes
EMP-10D52DBB,32,Research & Development,Research Scientist,1,2612,0,No
EMP-479F67C3,46,Research & Development,Laboratory Technician,32,4501,4,No
EMP-248A0F9D,41,Human Resources,HR Director,9,11140,7,No
EMP-2887B97A,46,Human Resources,HR Business Partner,1,6616,6,No
EMP-9463B0F0,33,Sales,Regional Manager,10,10507,1,Yes
EMP-DCAD24A1,26,Human Resources,HR Business Partner,12,6342,0,No
EMP-599E8ED4,37,Research & Development,Research Director,24,7686,1,No
EMP-CAA8185D,42,Human Resources,HR Business Partner,6,5306,12,No
EMP-8E34B033,41,Human Resources,HR Director,2,8450,0,No
EMP-359F97D8,46,Sales,Sales Representative,14,6012,1,Yes
EMP-6D11C028,18,Sales,Sales Executive,41,2566,0,No
EMP-5D3F2074,28,Research & Development,Research Scientist,8,2376,1,No
EMP-859FF5C6,35,Research & Development,Manufacturing Director,22,10055,0,No
EMP-4574EC56,44,Customer Support,Support Specialist,1,4318,17,No
EMP-F23740B2,44,Sales,Sales Representative,11,3916,1,No
EMP-D429D44A,32,Research & Development,Laboratory Technician,1,2877,0,Yes
EMP-45C96A2B,36,Customer Support,Customer Success Manager,15,8504,0,No
EMP-41CAAF75,41,Human Resources,HR Business Partner,2,4922,0,No
EMP-DCB359E3,33,Human Resources,HR Business Partner,10,7289,3,No
EMP-CE200C9D,49,Engineering,Senior Software Engineer,9,7373,1,No
EMP-CB1CB636,37,Customer Support,Customer Success Manager,22,8938,4,No
EMP-DBBA48D4,43,Sales,Regional Manager,11,8545,19,No
EMP-72710DA0,45,Human Resources,HR Director,1,8834,7,No
EMP-578DD902,35,Customer Support,Customer Success Manager,9,10519,2,No
EMP-D22AAB3B,19,Sales,Sales Representative,14,3282,1,Yes
EMP-B3A8DBF0,41,Human Resources,HR Director,2,10301,0,No
EMP-2C4BAF7D,42,Human Resources,HR Business Partner,10,5722,6,No
EMP-69A1B4E2,46,Human Resources,HR Generalist,1,2840,2,Yes
EMP-FF90F443,27,Research & Development,Laboratory Technician,17,4432,1,No
EMP-765A7712,27,Customer Support,Customer Success Manager,9,11662,0,No
EMP-D9919843,45,Research & Development,Laboratory Technician,60,3315,1,No
EMP-8250EF9C,46,Human Resources,HR Business Partner,33,4524,12,No
EMP-8994BF31,52,Engineering,Senior Software Engineer,1,6016,18,No
EMP-935FE14D,32,Customer Support,Support Director,3,9240,8,No
EMP-6F057B4E,30,Research & Development,Manufacturing Director,4,9334,12,No
EMP-A0CC42FB,26,Research & Development,Research Director,1,11784,8,No
EMP-C72B2D9B,32,Human Resources,HR Director,1,10597,0,No
EMP-16C4D4E1,40,Research & Development,Research Scientist,26,2818,3,Yes
EMP-F3F6EAA9,36,Engineering,Software Engineer,12,5431,6,No
EMP-4D38128F,33,Customer Support,Support Specialist,10,2704,0,No
EMP-94BC26FD,43,Human Resources,HR Director,55,6994,3,Yes
EMP-A5B57F0D,35,Human Resources,HR Generalist,15,5549,4,No
EMP-169F576F,35,Human Resources,HR Business Partner,9,7124,4,No
EMP-B9E6F275,27,Human Resources,HR Business Partner,1,5695,0,No
EMP-95798EDB,34,Human Resources,HR Business Partner,2,6587,6,No
EMP-3A948A83,38,Engineering,Software Engineer,1,2000,16,No
EMP-02EB764F,52,Customer Support,Support Director,1,8985,0,No
EMP-FBB7F1D4,38,Sales,Sales Representative,6,3628,3,No
EMP-0EF167B8,37,Customer Support,Support Specialist,12,3873,2,No
EMP-CD6A5681,29,Engineering,Engineering Manager,16,10526,4,No
EMP-C9FAA5BF,31,Sales,Sales Executive,9,3120,8,Yes
EMP-35E18E5F,22,Research & Development,Manufacturing Director,20,8952,4,No
EMP-2825CA0D,31,Customer Support,Customer Success Manager,2,6102,4,No
EMP-CFA80362,18,Research & Development,Laboratory Technician,8,2000,0,No
EMP-A64C2E82,35,Research & Development,Manufacturing Director,12,11266,4,No
EMP-08A8691D,24,Sales,Sales Representative,6,3958,1,No
EMP-4F696B69,35,Research & Development,Research Scientist,30,4751,3,No
EMP-5B512807,45,Sales,Sales Executive,1,6585,2,No
EMP-682E8B55,40,Engineering,Senior Software Engineer,5,5037,7,No
EMP-C5D802E2,32,Engineering,Senior Software Engineer,5,5434,13,Yes
EMP-9B337C67,31,Customer Support,Support Specialist,7,5998,0,No
EMP-31CE03CF,44,Sales,Sales Representative,1,2042,16,No
EMP-8E4C5679,42,Customer Support,Support Specialist,2,2733,6,Yes
EMP-C535B95E,44,Sales,Regional Manager,9,10926,11,No
EMP-39F913C1,35,Research & Development,Manufacturing Director,2,8908,17,No
EMP-356D390C,52,Sales,Sales Representative,11,3160,1,No
EMP-C019A4E3,30,Human Resources,HR Generalist,5,2859,1,Yes
EMP-F13474EC,37,Sales,Sales Representative,4,4291,0,No
EMP-807B896E,47,Engineering,Engineering Manager,1,10232,0,No
EMP-6B356493,43,Customer Support,Customer Success Manager,1,11127,4,No
EMP-084A2F5B,28,Research & Development,Manufacturing Director,14,7865,8,No
EMP-29F33450,43,Engineering,Senior Software Engineer,5,5845,7,No
EMP-15A02EB3,47,Research & Development,Research Director,23,9553,0,Yes
EMP-029113CF,31,Research & Development,Research Scientist,16,4711,9,No
EMP-88DA1AC8,38,Sales,Regional Manager,1,9554,0,No
EMP-1F52FEB7,61,Sales,Sales Representative,10,5421,0,No
EMP-DC7CC622,45,Sales,Sales Representative,10,4134,8,No
EMP-96D5A4D2,38,Human Resources,HR Director,6,9235,3,No
EMP-C162530F,40,Customer Support,Support Specialist,6,3413,7,No
EMP-4B7DB804,26,Sales,Sales Executive,10,3940,0,No
EMP-1A0973E9,40,Engineering,Senior Software Engineer,1,7149,16,No
EMP-A5766083,30,Customer Support,Customer Success Manager,9,9640,1,No
EMP-0D8EA948,43,Research & Development,Research Scientist,38,4594,3,No
EMP-BA068C0F,54,Sales,Sales Representative,1,3657,3,No
EMP-797F371A,29,Sales,Regional Manager,5,9717,9,No
EMP-8E4D6C7B,35,Customer Support,Support Director,20,9111,0,No
EMP-8FA71340,32,Engineering,Software Engineer,9,4353,2,No
EMP-CA2A1889,31,Customer Support,Support Specialist,10,4866,1,No
EMP-CDAF976F,44,Sales,Sales Representative,1,4461,10,No
EMP-956E59A1,28,Research & Development,Manufacturing Director,5,9899,0,No
EMP-22A30568,48,Research & Development,Manufacturing Director,1,10556,3,No
EMP-5958F6A8,44,Human Resources,HR Generalist,7,4023,2,Yes
EMP-15F07063,37,Engineering,Software Engineer,6,5442,3,No
EMP-C60ADB7D,40,Engineering,Senior Software Engineer,5,6349,2,No
EMP-8EFD5BB9,65,Sales,Regional Manager,2,9233,7,Yes
EMP-C0C03D0A,18,Sales,Regional Manager,1,9395,0,No
EMP-4FF87903,36,Research & Development,Laboratory Technician,1,4317,3,No
EMP-9213FFC0,42,Sales,Regional Manager,8,7260,2,No
EMP-5573A491,43,Human Resources,HR Director,4,9531,1,No
EMP-DD06AD54,35,Human Resources,HR Business Partner,14,4084,1,No
EMP-E471FA11,52,Sales,Sales Executive,4,3496,4,No
EMP-FBB6C2FF,44,Human Resources,HR Business Partner,1,5035,9,No
EMP-892453EE,41,Human Resources,HR Business Partner,4,5702,6,No
EMP-0D65EA22,44,Sales,Sales Executive,1,3664,0,Yes
EMP-85683888,29,Research & Development,Research Scientist,2,3983,11,No
EMP-CB385ABA,37,Engineering,Engineering Manager,25,9889,3,No
EMP-82001598,47,Sales,Sales Representative,10,2739,22,No
EMP-62F75ABF,46,Research & Development,Laboratory Technician,1,2576,0,No
EMP-36E984B9,43,Engineering,Senior Software Engineer,7,6743,1,No
EMP-5C97958E,33,Engineering,Senior Software Engineer,4,5089,7,No
EMP-D62FDD15,29,Research & Development,Laboratory Technician,1,4090,0,Yes
EMP-CFA6178D,44,Sales,Sales Executive,10,3830,8,Yes
EMP-540BADA7,18,Customer Support,Customer Success Manager,1,8964,0,No
EMP-876C2F80,32,Engineering,Software Engineer,7,4575,3,No
EMP-578211FE,43,Human Resources,HR Director,8,9778,3,Yes
EMP-735F2888,46,Research & Development,Research Director,1,10738,9,No
EMP-7B118BF4,33,Sales,Sales Representative,2,3008,2,No
EMP-F2C47D26,37,Sales,Sales Representative,5,2000,19,No
EMP-5D290BF3,39,Sales,Regional Manager,1,8973,9,No
EMP-71677A7D,65,Customer Support,Support Director,8,11232,0,No
EMP-B9258B23,31,Customer Support,Support Specialist,9,2782,1,No
EMP-03ED8C39,31,Human Resources,HR Director,1,10761,0,No
EMP-1ED30CF4,47,Customer Support,Support Specialist,15,5648,13,No
EMP-02DEA35B,29,Research & Development,Research Director,2,10170,9,No
EMP-C8136BE1,30,Engineering,Software Engineer,25,5931,5,No
EMP-7223E826,29,Customer Support,Support Director,5,8136,0,Yes
EMP-57E7ADB5,27,Research & Development,Research Director,5,9588,2,No
EMP-AD9CFC71,44,Research & Development,Laboratory Technician,1,4724,2,No
EMP-67528DF8,27,Human Resources,HR Generalist,16,3552,6,No
EMP-F675CEAB,33,Human Resources,HR Generalist,1,2615,4,No
EMP-C43D5A13,32,Customer Support,Support Director,8,11190,12,No
EMP-FAE70E4E,25,Research & Development,Laboratory Technician,4,4253,7,No
EMP-2A46C4EF,51,Customer Support,Customer Success Manager,20,11151,11,Yes
EMP-F2C8C244,54,Engineering,Senior Software Engineer,14,6366,4,No
EMP-D0868C7D,42,Engineering,Engineering Manager,12,8998,0,No
EMP-7F97A069,25,Sales,Sales Representative,4,3828,0,No
EMP-812E1A36,48,Customer Support,Support Director,9,6970,5,Yes
EMP-FCAAC828,33,Sales,Regional Manager,1,10252,9,No
EMP-BB6FCE45,38,Human Resources,HR Director,39,11075,0,No
EMP-1937287C,47,Engineering,Senior Software Engineer,4,4319,13,No
EMP-5D9C4125,38,Sales,Sales Executive,8,3126,5,No
EMP-7BACBA3F,30,Human Resources,HR Director,18,7998,1,No
EMP-4BB16657,40,Customer Support,Customer Success Manager,14,11103,6,No
EMP-BA3B7BCA,41,Human Resources,HR Director,20,7932,2,No
EMP-BE87EC53,37,Sales,Regional Manager,1,10203,2,No
EMP-94B16196,36,Human Resources,HR Business Partner,20,6370,10,No
EMP-D15DD92B,31,Human Resources,HR Director,12,9317,1,No
EMP-9A3F1C77,35,Sales,Sales Executive,6,5743,7,No
EMP-338970F4,27,Engineering,Software Engineer,4,2000,2,No
EMP-2AB47C96,51,Engineering,Software Engineer,4,4138,3,No
EMP-BD71385B,26,Research & Development,Research Scientist,3,5064,8,No
EMP-478973BB,43,Engineering,Software Engineer,10,5962,0,No
EMP-0CC93890,39,Research & Development,Manufacturing Director,7,12470,2,Yes
EMP-D5B93958,36,Engineering,Software Engineer,6,4680,0,No
EMP-36D00615,45,Customer Support,Support Specialist,2,7735,6,No
EMP-B903C6A9,33,Engineering,Senior Software Engineer,6,5455,1,No
EMP-A712B66F,45,Customer Support,Support Specialist,10,2470,8,No
EMP-E141D4F4,30,Sales,Regional Manager,3,9430,12,No
EMP-0AD39D9E,53,Customer Support,Customer Success Manager,1,10480,3,No
EMP-18251943,38,Engineering,Engineering Manager,25,8985,17,No
EMP-D0B31B5F,18,Research & Development,Research Scientist,29,6450,0,No
EMP-5C093039,37,Research & Development,Laboratory Technician,2,3117,3,No
EMP-6FC0ABDE,60,Customer Support,Support Director,4,8118,0,No
EMP-DCD80D4B,50,Customer Support,Customer Success Manager,10,9617,2,No
EMP-1E971D3B,45,Customer Support,Support Director,34,10246,11,No
EMP-4EE25E6C,45,Human Resources,HR Business Partner,1,8873,1,No
EMP-72C6B770,59,Human Resources,HR Business Partner,8,5175,6,No
EMP-46AB11A9,42,Research & Development,Research Director,1,7569,2,No
EMP-C1104C0A,46,Customer Support,Customer Success Manager,46,10885,1,No
EMP-ECA745CC,18,Customer Support,Customer Success Manager,5,9573,0,No
EMP-9136806D,45,Customer Support,Support Director,2,10021,10,No
EMP-4AA70B9F,25,Research & Development,Manufacturing Director,7,8254,7,No
EMP-BDAC6C9B,36,Research & Development,Research Scientist,19,3491,2,No
EMP-CE7CEB8E,34,Human Resources,HR Director,4,7990,12,Yes
EMP-5E91EA78,38,Human Resources,HR Director,44,11529,3,No
EMP-BFE4C4E4,26,Customer Support,Support Director,29,9336,7,No
EMP-69E89181,44,Customer Support,Customer Success Manager,12,7733,14,No
EMP-E2FA326A,38,Engineering,Software Engineer,14,5244,4,No
EMP-7739BD11,28,Sales,Sales Representative,1,4163,3,No
EMP-5A30FBC9,47,Sales,Sales Executive,34,6789,3,No
EMP-8CEC719B,38,Research & Development,Manufacturing Director,18,8743,20,No
EMP-5318D6B8,19,Research & Development,Laboratory Technician,23,3153,1,No
EMP-8B916971,24,Human Resources,HR Generalist,1,6044,2,No
EMP-503BBBC3,46,Sales,Sales Representative,29,2653,1,No
EMP-73AE09AC,30,Sales,Regional Manager,27,9681,7,No
EMP-74BE9CC8,48,Customer Support,Support Specialist,10,4602,17,No
EMP-DC9E57BE,42,Customer Support,Customer Success Manager,7,9841,0,No
EMP-573731FD,27,Human Resources,HR Director,8,9697,3,No
EMP-3ACFBDB7,37,Engineering,Senior Software Engineer,30,4314,2,No
EMP-C15B9F2C,54,Human Resources,HR Director,9,8892,1,Yes
EMP-3A8C1B78,24,Human Resources,HR Generalist,33,3476,0,No
EMP-0FFC36AC,35,Engineering,Software Engineer,2,3916,7,No
EMP-9E89847B,35,Human Resources,HR Director,1,9582,8,No
EMP-57CFD56C,39,Customer Support,Support Specialist,19,4117,5,No
EMP-42536001,41,Research & Development,Manufacturing Director,7,10144,1,No
EMP-377A141B,42,Sales,Sales Executive,39,4874,0,No
EMP-7C8B5AA7,31,Customer Support,Support Specialist,15,3209,1,No
EMP-905B77B5,48,Engineering,Senior Software Engineer,8,5511,11,No
EMP-0E2DDDA5,36,Research & Development,Research Scientist,11,3746,10,No
EMP-2A902DF9,60,Human Resources,HR Generalist,2,2977,8,No
EMP-FD56CF72,29,Research & Development,Laboratory Technician,8,3986,3,No
EMP-A72DA898,36,Human Resources,HR Director,4,8243,3,Yes
EMP-A180EF66,37,Customer Support,Support Director,14,9619,6,No
EMP-1099184B,32,Customer Support,Support Director,14,9419,14,No
EMP-1745995A,30,Human Resources,HR Director,2,8246,4,No
EMP-02778019,33,Research & Development,Laboratory Technician,11,2805,4,No
EMP-6B507DAF,24,Research & Development,Research Director,8,7376,0,No
EMP-F13EC15C,40,Engineering,Software Engineer,25,3464,1,No
EMP-B33E2D08,48,Research & Development,Manufacturing Director,21,7253,14,No
EMP-3EFB6589,34,Human Resources,HR Generalist,11,4256,2,No
EMP-D90BA7CB,31,Customer Support,Support Director,2,9550,7,No
EMP-98A26CAB,19,Customer Support,Support Director,4,9085,1,Yes
EMP-AB21DCDF,29,Human Resources,HR Business Partner,1,7110,1,No
EMP-2C198C13,39,Customer Support,Support Director,7,10524,4,No
EMP-990AA7CD,49,Sales,Regional Manager,7,8992,0,No
EMP-8581A0BE,39,Engineering,Software Engineer,27,2705,1,Yes
EMP-6024A85F,41,Customer Support,Support Director,2,10205,0,No
EMP-139AD026,40,Customer Support,Customer Success Manager,2,8991,2,No
EMP-AEAC44EE,55,Customer Support,Customer Success Manager,1,9616,2,No
EMP-801C13B6,65,Human Resources,HR Director,17,8312,0,Yes
EMP-4EE8162D,44,Customer Support,Support Specialist,8,5149,6,No
EMP-9A2BA5E8,27,Research & Development,Laboratory Technician,10,3691,3,No
EMP-C433B9D6,24,Research & Development,Research Scientist,23,5443,4,No
EMP-2C6ADA35,36,Engineering,Software Engineer,14,2989,7,Yes
EMP-DEC01815,47,Engineering,Engineering Manager,3,9584,2,No
EMP-0FA5A628,46,Sales,Regional Manager,1,10108,10,No
EMP-E5F2D218,28,Sales,Sales Representative,2,3353,2,No
EMP-FE42B280,29,Sales,Sales Executive,1,2639,1,Yes
EMP-6638C931,21,Research & Development,Manufacturing Director,4,12027,3,No
EMP-1088333F,40,Customer Support,Support Specialist,4,4500,6,No
EMP-74AB1BF7,48,Engineering,Senior Software Engineer,2,5342,0,No
EMP-7E359489,24,Engineering,Senior Software Engineer,8,6868,3,No
EMP-CC3B0BB9,26,Engineering,Engineering Manager,19,10438,1,Yes
EMP-1FC4EDD2,23,Sales,Regional Manager,7,8084,0,No
EMP-BBE47D9B,31,Sales,Regional Manager,11,10390,8,No
EMP-8F356E92,54,Sales,Sales Representative,10,4498,2,No
EMP-9C31BFD8,31,Sales,Sales Representative,8,5092,6,No
EMP-E5976FB0,23,Human Resources,HR Director,6,8498,5,Yes
EMP-58A59256,38,Engineering,Senior Software Engineer,10,6910,11,No
EMP-B7D41659,35,Sales,Sales Representative,12,3624,8,No
EMP-1020078D,35,Research & Development,Research Scientist,1,5298,2,No
EMP-542FC9C2,30,Customer Support,Customer Success Manager,14,8425,0,No
EMP-6A9CF176,35,Research & Development,Manufacturing Director,9,11080,0,No
EMP-131B2441,31,Human Resources,HR Generalist,32,3687,8,No
EMP-6DED0867,22,Customer Support,Support Specialist,27,3735,2,Yes
EMP-252D8583,40,Sales,Regional Manager,28,8161,0,No
EMP-A5533370,48,Customer Support,Support Director,6,9852,26,No
EMP-C9159718,32,Human Resources,HR Generalist,49,4261,2,No
EMP-362ADDD0,42,Human Resources,HR Generalist,3,2000,0,No
EMP-E7C04925,40,Customer Support,Support Specialist,60,5431,1,Yes
EMP-C0961FF1,30,Research & Development,Manufacturing Director,1,9002,1,Yes
EMP-F85BC3A5,34,Research & Development,Laboratory Technician,1,4924,10,No
EMP-51DEED6D,27,Customer Support,Customer Success Manager,5,10113,1,No
EMP-53A619AC,34,Sales,Sales Representative,45,6009,0,No
EMP-B93E0D82,35,Human Resources,HR Generalist,6,2000,1,Yes
EMP-13CDB4E3,44,Customer Support,Customer Success Manager,27,10050,8,No
EMP-01D0EEEC,39,Human Resources,HR Generalist,17,5394,1,No
EMP-7B247654,21,Research & Development,Laboratory Technician,6,2914,1,Yes
EMP-715338A9,37,Sales,Sales Executive,1,4136,3,No
EMP-C4BE04F0,36,Engineering,Senior Software Engineer,5,4203,8,No
EMP-AB292B38,33,Human Resources,HR Director,4,11506,1,No
EMP-E546DEE9,27,Customer Support,Support Director,2,9518,9,No
EMP-5058C262,42,Human Resources,HR Business Partner,6,6887,3,No
EMP-CEA4D34F,44,Human Resources,HR Generalist,2,3331,1,No
EMP-94D07A9B,28,Engineering,Senior Software Engineer,26,8021,0,No
EMP-2074E619,46,Research & Development,Manufacturing Director,23,9627,0,No
EMP-4BC01D3A,51,Engineering,Senior Software Engineer,1,4184,17,No
EMP-35E982C8,24,Human Resources,HR Business Partner,9,3386,0,No
EMP-E5DC8581,39,Research & Development,Laboratory Technician,1,4179,1,No
EMP-941C1F9F,23,Research & Development,Research Scientist,24,4963,5,No
EMP-4455350E,19,Sales,Regional Manager,4,9973,0,Yes
EMP-53383778,43,Sales,Regional Manager,6,9709,0,No
EMP-311A493C,22,Customer Support,Support Director,19,10980,2,No
EMP-55801805,32,Customer Support,Support Specialist,14,3371,1,No
EMP-E98C60C9,30,Customer Support,Customer Success Manager,3,10373,3,No
EMP-B917B7BD,32,Customer Support,Customer Success Manager,1,8185,3,No
EMP-4F7D0DCF,47,Research & Development,Manufacturing Director,26,9490,2,No
EMP-6D69CC2F,47,Customer Support,Support Director,16,9575,0,No
EMP-8207A8EC,30,Research & Development,Research Director,2,7471,1,No
EMP-C8FB380C,39,Sales,Sales Representative,3,3585,0,No
EMP-438102E6,44,Sales,Regional Manager,19,8864,3,No
EMP-BEF2392F,41,Customer Support,Support Director,2,9527,1,Yes
EMP-B140080D,29,Customer Support,Support Specialist,4,3350,11,No
EMP-EF89B9A8,24,Research & Development,Research Scientist,27,6121,0,No
EMP-23216A77,41,Engineering,Senior Software Engineer,9,4311,0,Yes
EMP-D2B4F31F,55,Engineering,Software Engineer,11,2670,5,Yes
EMP-E85B0673,31,Human Resources,HR Generalist,5,3666,0,Yes
EMP-B54EB2E5,37,Research & Development,Manufacturing Director,3,10391,7,No
EMP-10C271BD,18,Engineering,Software Engineer,16,3974,0,Yes
EMP-E770FC88,34,Human Resources,HR Generalist,8,4149,7,No
EMP-15D7C94E,34,Customer Support,Support Director,21,8999,0,No
EMP-4ACBCF9A,36,Human Resources,HR Director,5,11564,0,No
EMP-D792E429,33,Research & Development,Research Director,7,10918,5,No
EMP-148432AC,38,Human Resources,HR Director,7,9644,2,No
EMP-D9F07779,39,Sales,Regional Manager,3,10114,0,No
EMP-CE980684,33,Research & Development,Research Director,10,10825,3,No
EMP-A2C429D8,42,Human Resources,HR Business Partner,1,4469,2,No
EMP-9B34F780,18,Customer Support,Support Specialist,13,5919,0,No
EMP-9596DCF7,39,Research & Development,Research Director,27,7941,9,Yes
EMP-B9DEBDB2,33,Sales,Regional Manager,5,10610,3,No
EMP-03C52CC1,35,Research & Development,Research Scientist,26,3829,4,Yes
EMP-183E7326,44,Human Resources,HR Director,4,9910,4,No
EMP-3E96F282,43,Sales,Regional Manager,4,10351,2,No
EMP-6D2A7C22,30,Human Resources,HR Director,2,8806,8,Yes
EMP-FEF267D8,29,Engineering,Senior Software Engineer,7,5266,10,No
EMP-A2CBECC6,36,Research & Development,Research Director,4,9467,6,Yes
EMP-54E382F2,51,Sales,Sales Executive,32,4252,7,No
EMP-190AA0EE,36,Research & Development,Research Scientist,1,7001,18,No
EMP-C39BB56B,27,Sales,Regional Manager,10,9175,1,Yes
EMP-D97EBC11,54,Research & Development,Manufacturing Director,5,11603,9,No
EMP-48C17BBE,34,Customer Support,Customer Success Manager,7,7594,5,No
EMP-6E212499,33,Customer Support,Support Director,10,11193,0,Yes
EMP-D3BCB1E4,36,Human Resources,HR Generalist,13,4766,0,No
EMP-69DAEA9E,37,Customer Support,Customer Success Manager,21,7858,3,No
EMP-C52482BE,37,Research & Development,Research Scientist,6,4930,0,No
EMP-49969FD5,31,Customer Support,Support Specialist,22,4896,12,No
EMP-40C63AA5,38,Research & Development,Manufacturing Director,11,10428,7,No
EMP-6C07E8F4,40,Human Resources,HR Business Partner,1,4802,3,No
EMP-839855C8,34,Sales,Sales Executive,4,3550,2,No
EMP-7F91E569,31,Research & Development,Laboratory Technician,7,4232,1,Yes
EMP-5E14DD77,57,Customer Support,Support Director,8,10827,6,No
EMP-0DC1E93C,49,Research & Development,Laboratory Technician,5,3131,3,Yes
EMP-62B91684,49,Customer Support,Support Director,3,11448,0,Yes
EMP-E4D5CC53,30,Customer Support,Support Director,4,10059,4,No
EMP-A4A50998,42,Sales,Sales Representative,1,3667,1,No
EMP-D34D96B4,39,Customer Support,Support Director,3,10150,0,No
EMP-0821C58D,35,Engineering,Engineering Manager,12,10764,12,No
EMP-5634009C,25,Sales,Regional Manager,7,9145,7,No
EMP-CAA9BA5F,44,Research & Development,Research Director,23,11719,0,No
EMP-1242E06A,48,Engineering,Senior Software Engineer,5,6111,3,No
EMP-56896254,36,Customer Support,Support Specialist,3,3608,14,No
EMP-4D62F6D1,34,Human Resources,HR Business Partner,11,3864,0,No
EMP-BB464112,55,Sales,Sales Representative,20,3882,4,No
EMP-3A0D20F0,29,Customer Support,Customer Success Manager,29,10040,0,Yes
EMP-DB1CE29B,30,Sales,Regional Manager,27,10637,6,No
EMP-1C8EF08F,30,Sales,Regional Manager,5,10448,4,No
EMP-F9628432,34,Customer Support,Support Specialist,32,4277,11,No
EMP-8604A83F,45,Research & Development,Manufacturing Director,7,8928,3,No
EMP-770226A3,45,Sales,Sales Executive,13,2000,2,No
EMP-4EACB218,52,Customer Support,Customer Success Manager,12,10726,0,No
EMP-F81F0BA8,36,Customer Support,Customer Success Manager,3,10953,1,No
EMP-A049D06C,48,Customer Support,Customer Success Manager,4,9546,6,No
EMP-3F3E26E2,37,Engineering,Software Engineer,47,2893,7,No
EMP-D79ECE98,38,Customer Support,Customer Success Manager,2,7825,2,Yes
EMP-A35527B2,44,Customer Support,Support Director,2,10459,12,No
EMP-0B62777D,20,Human Resources,HR Director,6,11200,2,No
EMP-4060B3EC,31,Engineering,Engineering Manager,7,12989,0,Yes
EMP-2FC1654F,39,Sales,Regional Manager,1,11214,7,No
EMP-FA3BE00F,28,Research & Development,Laboratory Technician,7,3589,0,No
EMP-E82E26DD,32,Engineering,Senior Software Engineer,4,4207,7,No
EMP-B25BEC57,25,Customer Support,Support Director,3,9398,3,No
EMP-470A9888,41,Sales,Sales Executive,8,2743,6,No
EMP-494DCC96,34,Sales,Sales Executive,22,3105,16,No
EMP-D70B836B,36,Engineering,Engineering Manager,1,10335,2,No
EMP-276CCBDD,38,Sales,Sales Representative,4,3275,3,Yes
EMP-F31DDE20,47,Sales,Regional Manager,10,9958,2,Yes
EMP-82872688,38,Engineering,Senior Software Engineer,3,4756,0,No
EMP-9FCB97CA,46,Customer Support,Customer Success Manager,1,10077,8,No
EMP-D7557B7B,42,Customer Support,Support Specialist,3,3685,4,No
EMP-07AA2BE1,33,Research & Development,Research Director,2,11666,1,No
EMP-559DA4B1,33,Research & Development,Manufacturing Director,6,8142,2,Yes
EMP-33D501F3,39,Customer Support,Support Director,10,9536,0,No
EMP-674D79B5,48,Research & Development,Research Scientist,3,3771,0,No
EMP-02189248,43,Human Resources,HR Generalist,8,5694,0,No
EMP-A7F97234,41,Research & Development,Laboratory Technician,2,2808,3,No
EMP-8A6F0662,20,Engineering,Senior Software Engineer,29,6440,2,No
EMP-97047B58,34,Engineering,Engineering Manager,1,9842,3,No
EMP-C8635B98,37,Sales,Regional Manager,4,8120,5,No
EMP-FF427DE3,36,Sales,Regional Manager,3,8349,10,No
EMP-CA879B13,32,Customer Support,Support Director,15,10623,0,No
EMP-87D9F9A2,38,Human Resources,HR Generalist,3,4619,2,No
EMP-984A676C,39,Research & Development,Research Director,5,9217,14,No
EMP-1EC44C0A,40,Customer Support,Support Specialist,6,2051,6,No
EMP-B8624843,44,Engineering,Engineering Manager,2,8596,4,Yes
EMP-064E129C,42,Sales,Regional Manager,28,9172,3,No
EMP-2BB9E875,25,Sales,Regional Manager,1,8778,1,No
EMP-46472D21,42,Customer Support,Support Director,28,12117,2,Yes
EMP-EF4A7774,36,Engineering,Senior Software Engineer,7,8330,1,No
EMP-2C12F638,21,Research & Development,Manufacturing Director,12,6592,3,No
EMP-C6F7C3FE,35,Engineering,Engineering Manager,6,9472,3,No
EMP-F17F693D,43,Customer Support,Support Specialist,41,3220,14,No
EMP-66AB13D7,40,Human Resources,HR Generalist,12,3714,3,No
EMP-7DB2F7B5,49,Research & Development,Research Scientist,6,4164,2,No
EMP-4B881142,65,Engineering,Senior Software Engineer,2,5723,11,No
EMP-02950F3B,49,Sales,Regional Manager,1,11330,4,No
EMP-94DF02C6,18,Research & Development,Manufacturing Director,8,10420,0,Yes
EMP-1C4BB72B,25,Human Resources,HR Generalist,43,3681,4,No
EMP-27EE5938,26,Research & Development,Research Director,1,11036,8,No
EMP-587BD545,32,Research & Development,Manufacturing Director,10,7590,0,Yes
EMP-023334F5,39,Research & Development,Research Director,3,11234,0,No
EMP-8630EF2E,26,Research & Development,Research Scientist,1,4984,5,No
EMP-4091D01D,18,Research & Development,Research Scientist,4,5733,0,Yes
EMP-80523FD0,41,Research & Development,Manufacturing Director,5,8164,2,Yes
EMP-64214D58,45,Sales,Sales Executive,6,3345,3,No
EMP-97ABCDEE,28,Engineering,Engineering Manager,1,8921,6,Yes
EMP-815783FC,44,Customer Support,Support Specialist,4,2825,2,No
EMP-2A7BB14F,18,Human Resources,HR Director,1,8978,0,No
EMP-5649C482,50,Customer Support,Customer Success Manager,3,11073,3,No
EMP-CE0D58B1,32,Customer Support,Customer Success Manager,1,8880,11,No
EMP-BC09CF39,31,Customer Support,Support Specialist,3,3162,0,Yes
EMP-F1792587,31,Engineering,Senior Software Engineer,1,6249,5,No
EMP-3534DABA,50,Sales,Regional Manager,8,8423,1,No
EMP-EDF5EDEE,29,Research & Development,Research Director,7,9985,2,No
EMP-CF4B183E,44,Customer Support,Customer Success Manager,20,7799,26,No
EMP-A6CE8DA0,23,Sales,Sales Executive,2,6006,1,No
EMP-1ADBC0B9,18,Engineering,Engineering Manager,24,9179,0,Yes
EMP-4F0C36BA,24,Human Resources,HR Director,18,7775,5,No
EMP-6A9A2B73,22,Research & Development,Manufacturing Director,17,10897,0,No
EMP-7F245F69,38,Engineering,Engineering Manager,5,10910,3,No
EMP-8D0623C1,36,Research & Development,Research Director,4,10872,0,No
EMP-988B18DF,36,Engineering,Engineering Manager,5,6120,5,No
EMP-D0C5D6E6,43,Human Resources,HR Business Partner,9,5895,8,No
EMP-FC4A1B1E,35,Research & Development,Research Scientist,4,2927,4,No
EMP-FE0C95DD,44,Research & Development,Laboratory Technician,7,2681,8,No
EMP-A2891EE5,44,Research & Development,Research Director,5,9698,1,No
EMP-52E2BD86,44,Research & Development,Research Scientist,18,4199,26,No
EMP-A01382DF,49,Research & Development,Research Director,3,10083,1,No
EMP-DF8CEAFE,39,Research & Development,Research Director,8,6823,6,No
EMP-59000961,50,Customer Support,Support Director,8,7703,3,No
EMP-9DDB1B9B,24,Engineering,Senior Software Engineer,1,6925,0,No
EMP-7F2050B9,38,Customer Support,Support Specialist,18,2146,6,No
EMP-EF143B80,31,Research & Development,Laboratory Technician,5,5399,2,No
EMP-4E8A79B9,39,Human Resources,HR Business Partner,1,6030,0,No
EMP-F6116802,30,Sales,Sales Representative,17,4971,6,No
EMP-2C9373B9,36,Human Resources,HR Business Partner,10,6723,3,No
EMP-3609261D,29,Customer Support,Customer Success Manager,2,12126,3,No
EMP-8A2655F8,51,Engineering,Software Engineer,13,4151,5,No
EMP-B90BE5AD,41,Customer Support,Support Specialist,6,3289,11,No
EMP-7D5CF9EA,44,Customer Support,Support Specialist,1,2000,6,No
EMP-22F7E080,54,Human Resources,HR Business Partner,24,6747,6,No
EMP-950E9DCD,28,Customer Support,Customer Success Manager,1,11547,0,No
EMP-E0AF82A4,57,Engineering,Software Engineer,5,4471,6,No
EMP-2CDE2D3F,30,Human Resources,HR Business Partner,2,6049,9,No
EMP-B07DF2A7,43,Research & Development,Research Scientist,1,4367,23,No
EMP-151A9CB6,28,Human Resources,HR Business Partner,8,6622,10,No
EMP-467AF616,49,Customer Support,Customer Success Manager,2,8139,4,No
EMP-63A594AB,26,Sales,Sales Executive,3,3242,0,Yes
EMP-44A29EF1,35,Research & Development,Manufacturing Director,2,10604,2,No
EMP-B5413892,49,Human Resources,HR Director,35,8595,2,Yes
EMP-8EA54DFC,39,Engineering,Senior Software Engineer,1,7313,5,No
EMP-5765C239,59,Human Resources,HR Director,22,9833,2,No
EMP-11ECA2FB,40,Engineering,Senior Software Engineer,6,6479,4,No
EMP-EA84B01B,34,Sales,Sales Executive,3,4139,4,No
EMP-6D7F60C3,18,Human Resources,HR Director,5,8895,0,No
EMP-8BB0744D,43,Sales,Sales Executive,7,2931,1,Yes
EMP-E01C7215,46,Sales,Sales Executive,1,2000,0,Yes
EMP-EE601165,46,Engineering,Engineering Manager,12,10580,5,Yes
EMP-7CE8377F,60,Engineering,Engineering Manager,1,9172,4,No
EMP-C4B40BFC,38,Sales,Sales Executive,4,5839,1,No
EMP-D3705CA7,51,Research & Development,Laboratory Technician,20,5224,2,No
EMP-D57BE195,41,Engineering,Senior Software Engineer,21,7800,3,No
EMP-A07581F5,64,Human Resources,HR Business Partner,13,6717,16,No
EMP-F213BDE8,38,Research & Development,Research Scientist,9,4866,3,Yes
EMP-A8CE922C,39,Human Resources,HR Business Partner,13,5672,1,No
EMP-4E888B22,46,Engineering,Engineering Manager,1,9003,10,No
EMP-26E9CE4F,43,Customer Support,Customer Success Manager,27,7789,5,Yes
EMP-D83AB45D,55,Customer Support,Support Specialist,4,3075,1,No
EMP-136E0AD9,24,Engineering,Engineering Manager,1,11203,0,No
EMP-382CCEEA,53,Customer Support,Customer Success Manager,7,9984,9,No
EMP-B2BAF2A1,37,Customer Support,Customer Success Manager,2,9200,2,No
EMP-05CA30CA,40,Engineering,Engineering Manager,8,9551,13,No
EMP-24884717,36,Sales,Sales Representative,27,2954,3,Yes
EMP-E8680039,26,Engineering,Senior Software Engineer,1,6104,8,No
EMP-CDBE0B7F,40,Sales,Sales Executive,24,3138,1,No
EMP-3F75BFC7,32,Research & Development,Manufacturing Director,9,9876,0,No
EMP-E0470745,29,Customer Support,Support Specialist,6,5275,4,No
EMP-E24CA0CC,43,Engineering,Senior Software Engineer,3,5127,5,No
EMP-4AEEAB9C,42,Engineering,Senior Software Engineer,1,4952,2,No
EMP-42F96692,46,Sales,Regional Manager,3,8595,10,No
EMP-6E363838,36,Engineering,Engineering Manager,9,9777,0,No
EMP-7203B091,53,Research & Development,Research Scientist,10,3066,4,No
EMP-A64A4E73,29,Engineering,Senior Software Engineer,1,4253,6,No
EMP-618CB189,56,Sales,Sales Representative,2,4041,1,No
EMP-08B45F82,48,Customer Support,Support Director,22,8914,3,No
EMP-7B450988,33,Human Resources,HR Business Partner,21,5944,0,No
EMP-D9BC09D0,37,Customer Support,Customer Success Manager,4,10419,12,No
EMP-0E3B8E7A,38,Sales,Sales Executive,7,3553,1,Yes
EMP-5B1F852B,56,Sales,Regional Manager,12,8539,0,No
EMP-7EF6CD32,30,Engineering,Senior Software Engineer,1,4955,0,No
EMP-F5245A4E,45,Engineering,Software Engineer,2,4538,0,No
EMP-3D73EB05,36,Research & Development,Laboratory Technician,2,2898,3,No
EMP-05F7BFAB,39,Sales,Sales Executive,4,5045,2,No
EMP-B6E7AED0,53,Human Resources,HR Business Partner,6,5265,9,No
EMP-32E93940,36,Engineering,Engineering Manager,8,10126,0,Yes
EMP-FAEB5414,34,Sales,Sales Executive,2,2415,10,Yes
EMP-83BF62A6,36,Research & Development,Manufacturing Director,9,8147,5,No
EMP-142147B0,47,Engineering,Senior Software Engineer,8,5633,2,No
EMP-F446D609,37,Sales,Sales Representative,17,3101,4,Yes
EMP-A5C04F82,37,Research & Development,Laboratory Technician,1,5534,0,No
EMP-346CFD0E,48,Engineering,Software Engineer,15,2708,1,No
EMP-9D473AE0,18,Research & Development,Research Scientist,5,3820,0,No
EMP-86399606,35,Human Resources,HR Business Partner,1,5570,1,No
EMP-548BDC72,32,Sales,Regional Manager,4,8283,0,No
EMP-D61EAA4F,60,Engineering,Software Engineer,10,6240,2,No
EMP-37F765B0,34,Sales,Sales Executive,1,4155,3,No
EMP-9DAFA23B,47,Sales,Regional Manager,1,9751,8,No
EMP-A633C262,33,Research & Development,Research Director,3,8034,2,No
EMP-110AC07F,38,Human Resources,HR Business Partner,16,4564,2,Yes
EMP-A8A48F51,49,Sales,Regional Manager,12,9561,3,No
EMP-7A00DA13,43,Customer Support,Support Specialist,8,3606,1,No
EMP-F4BFDF42,46,Human Resources,HR Generalist,1,3242,24,No
EMP-9CD9B81E,40,Sales,Regional Manager,5,9163,3,No
EMP-1D03E067,35,Sales,Sales Executive,7,5163,0,No
EMP-87B2E8DF,30,Human Resources,HR Generalist,1,4432,2,Yes
EMP-20E60429,51,Human Resources,HR Director,1,10714,0,Yes
EMP-4252B7B3,31,Research & Development,Laboratory Technician,17,4597,7,No
EMP-F26D7C5F,21,Customer Support,Support Director,3,10807,0,No
EMP-E6ADDFAC,64,Customer Support,Support Specialist,4,4362,3,No
EMP-8428773D,51,Sales,Sales Executive,23,2385,0,Yes
EMP-D00E5577,27,Sales,Regional Manager,9,9202,6,No
EMP-F2550CAE,36,Sales,Sales Executive,29,4369,0,No
EMP-6C17541A,31,Research & Development,Laboratory Technician,22,4167,3,No
EMP-35D88CF2,47,Research & Development,Manufacturing Director,1,10192,0,No
EMP-0FC8084E,34,Human Resources,HR Business Partner,1,6890,3,No
EMP-1EC95717,33,Sales,Regional Manager,3,9701,0,No
EMP-BD9DCC23,47,Research & Development,Manufacturing Director,40,9379,5,No
EMP-659D87C8,25,Engineering,Engineering Manager,25,9668,7,No
EMP-0EF3AFEF,47,Human Resources,HR Director,2,10822,1,No
EMP-CFE1DB9F,27,Research & Development,Research Scientist,5,4838,7,No
EMP-9BF27F3E,35,Human Resources,HR Director,15,11360,9,No
EMP-16A06E87,26,Customer Support,Support Director,3,10414,1,Yes
EMP-B6F2A9CD,34,Customer Support,Support Specialist,2,3297,3,No
EMP-E880CCD4,47,Human Resources,HR Director,1,10953,12,No
EMP-7027FCF8,18,Sales,Regional Manager,14,10774,0,No
EMP-CB0807C6,37,Research & Development,Laboratory Technician,18,4034,2,No
EMP-5FCA9D18,25,Human Resources,HR Director,11,10329,7,No
EMP-CAA0008E,61,Sales,Regional Manager,6,8965,11,No
EMP-8997B29A,50,Engineering,Software Engineer,16,3990,2,No
EMP-7F5C41AF,33,Engineering,Engineering Manager,17,7904,1,Yes
EMP-12B0B7A4,51,Human Resources,HR Business Partner,4,6133,5,No
EMP-EACD2C02,33,Human Resources,HR Generalist,15,3653,0,Yes
EMP-4168D1DB,44,Sales,Sales Executive,4,3466,18,No
EMP-58A0242C,28,Research & Development,Research Scientist,12,3863,0,No
EMP-85BB2803,36,Research & Development,Laboratory Technician,32,3801,5,No
EMP-4ADB2514,33,Sales,Sales Executive,4,5527,1,No
EMP-8FF4AA21,65,Engineering,Engineering Manager,9,8354,1,No
EMP-F19A28EA,18,Customer Support,Support Director,5,9317,0,No
EMP-F8892D6D,18,Sales,Sales Representative,13,2200,0,Yes
EMP-FC45321C,32,Sales,Sales Executive,9,4819,4,No
EMP-43856019,35,Research & Development,Research Director,3,6838,0,No
EMP-D9492641,35,Sales,Sales Representative,11,3774,5,No
EMP-ABDF4DD9,36,Sales,Sales Representative,8,5318,18,No
EMP-9EF97119,47,Engineering,Senior Software Engineer,1,6086,1,No
EMP-14C96ECA,58,Sales,Regional Manager,16,7873,22,No
EMP-060C72EE,32,Sales,Regional Manager,16,9448,4,Yes
EMP-E032D17F,37,Human Resources,HR Generalist,13,2293,7,No
EMP-44F7A2D5,18,Customer Support,Support Specialist,36,3995,0,Yes
EMP-7A6B9987,22,Research & Development,Research Director,13,8802,1,Yes
EMP-BC1AE701,39,Customer Support,Support Director,3,8057,4,No
EMP-5EFE3395,41,Research & Development,Research Director,3,8623,0,No
EMP-0CF89314,34,Customer Support,Customer Success Manager,15,10205,4,No
EMP-3AC0FDF9,37,Engineering,Software Engineer,11,4367,0,Yes
EMP-8F2A6A85,42,Research & Development,Research Director,7,9482,1,No
EMP-D1CD9390,41,Research & Development,Research Director,10,8783,2,No
EMP-BF0BA7E5,42,Human Resources,HR Director,3,9325,1,No
EMP-627D3ACE,51,Human Resources,HR Business Partner,1,6165,14,No
EMP-4E32C8F4,32,Engineering,Engineering Manager,12,10211,2,No
EMP-99582BE7,51,Research & Development,Research Scientist,32,3440,0,Yes
EMP-3D5FB4BD,31,Customer Support,Support Director,4,6458,2,No
EMP-21959F9E,39,Engineering,Senior Software Engineer,5,5608,1,No
EMP-179BDF23,43,Sales,Regional Manager,6,10233,1,Yes
EMP-6B5FC45F,24,Human Resources,HR Director,2,10682,6,Yes
EMP-C48C1A68,30,Research & Development,Manufacturing Director,2,9046,12,Yes
EMP-FC1B25D8,18,Research & Development,Research Scientist,20,4403,0,No
EMP-3B6AAEB7,27,Sales,Regional Manager,4,8857,1,No
EMP-CC6B77D8,26,Customer Support,Support Director,8,10795,0,No
EMP-BF82CFA1,34,Customer Support,Support Specialist,27,2476,2,Yes
EMP-24D96B39,25,Engineering,Senior Software Engineer,1,6970,0,Yes
EMP-AC3E8938,29,Human Resources,HR Business Partner,1,5420,7,No
EMP-1DA68899,38,Research & Development,Research Scientist,4,3622,3,No
EMP-22D4CEC1,19,Human Resources,HR Generalist,3,4739,1,No
EMP-A505F280,35,Customer Support,Support Specialist,1,4353,11,No
EMP-32E94477,44,Human Resources,HR Business Partner,4,3566,0,Yes
EMP-3F14F840,45,Customer Support,Support Specialist,2,6998,3,No
EMP-5C1483EC,42,Human Resources,HR Generalist,1,5585,3,No
EMP-9CF2DF35,47,Customer Support,Customer Success Manager,9,10396,0,Yes
EMP-FB40E615,47,Sales,Sales Representative,1,5418,2,No
EMP-304CD617,50,Engineering,Senior Software Engineer,2,4547,4,No
EMP-24AA8D19,48,Sales,Sales Executive,2,3690,19,No
EMP-1AFFC5D0,50,Customer Support,Support Specialist,1,4589,1,No
EMP-F648885F,25,Engineering,Software Engineer,9,5709,5,No
EMP-AEA56F22,30,Sales,Sales Representative,1,3632,4,No
EMP-DD8E86BC,54,Research & Development,Manufacturing Director,7,9773,2,No
EMP-0D39FD73,34,Research & Development,Research Scientist,4,3910,16,Yes
EMP-54460075,34,Engineering,Senior Software Engineer,8,6968,9,No
EMP-03C68562,34,Customer Support,Support Director,1,9550,3,Yes
EMP-324332A7,43,Engineering,Senior Software Engineer,9,6552,5,No
EMP-79303B56,31,Research & Development,Research Scientist,12,4984,1,No
EMP-8B3F671A,32,Engineering,Engineering Manager,5,8372,3,No
EMP-6960FE9F,20,Customer Support,Customer Success Manager,1,9387,2,No
EMP-8853F2EE,22,Engineering,Engineering Manager,20,8618,4,No
EMP-5A8DB59D,37,Research & Development,Research Scientist,1,5388,5,No
EMP-BAAE6C49,35,Research & Development,Research Director,1,7916,8,No
EMP-9FD7E7DB,36,Customer Support,Support Specialist,13,5334,4,No
EMP-6EE69FF9,34,Customer Support,Support Specialist,15,5615,3,No
EMP-0D946B68,37,Human Resources,HR Business Partner,6,6848,7,No
EMP-7C2C1A69,40,Customer Support,Support Specialist,1,5546,3,Yes
EMP-ED507AC6,59,Engineering,Senior Software Engineer,17,5436,0,No
EMP-1DABE713,39,Research & Development,Manufacturing Director,2,10987,1,No
EMP-D4A9EEA7,40,Sales,Sales Representative,1,2000,0,Yes
EMP-DC65142D,35,Human Resources,HR Director,2,9894,3,No
EMP-DB7DBC88,53,Engineering,Engineering Manager,5,9724,7,No
EMP-B7CB93C6,29,Sales,Sales Executive,1,4323,2,Yes
EMP-4385C907,52,Human Resources,HR Generalist,8,3253,2,No
EMP-7733324B,32,Sales,Sales Executive,8,3270,2,No
EMP-36947C3F,25,Research & Development,Research Scientist,10,4070,7,No
EMP-C186FD3E,37,Human Resources,HR Generalist,37,2000,2,Yes
EMP-6FAEF46D,29,Sales,Sales Representative,9,4225,0,No
EMP-CA29E1C1,44,Sales,Sales Representative,8,5155,2,Yes
EMP-DE93389D,45,Customer Support,Support Specialist,8,3997,3,No
EMP-2AEE5664,23,Customer Support,Customer Success Manager,1,9329,1,No
EMP-C7F1C6F6,18,Customer Support,Support Director,5,9831,0,No
EMP-28B1DA87,31,Sales,Sales Representative,1,2000,0,No
EMP-65731A02,41,Customer Support,Support Specialist,14,5746,0,No
EMP-085A2C1E,22,Sales,Sales Representative,2,4548,0,Yes
EMP-B677EDCD,34,Customer Support,Customer Success Manager,1,8685,16,Yes
EMP-67C9957E,30,Sales,Sales Executive,2,3527,4,No
EMP-730D2C75,34,Human Resources,HR Director,10,9550,2,No
EMP-3DB8D9C1,29,Human Resources,HR Generalist,10,3196,2,Yes
EMP-65C3C92A,43,Engineering,Software Engineer,8,2876,9,No
EMP-A6A4BC83,40,Customer Support,Support Director,11,9186,0,Yes
EMP-083AAD64,32,Human Resources,HR Business Partner,29,8180,0,No
EMP-E634170F,25,Customer Support,Support Specialist,31,5843,2,Yes
EMP-B59FBA11,46,Customer Support,Customer Success Manager,54,8843,1,No
EMP-8C1A8E48,46,Sales,Sales Executive,3,2000,0,Yes
EMP-FFDD7F1E,30,Customer Support,Customer Success Manager,5,8491,0,No
EMP-891C27F5,41,Engineering,Engineering Manager,1,10443,5,No
EMP-899B8A14,41,Human Resources,HR Director,1,9749,1,No
EMP-6AE8E841,47,Human Resources,HR Generalist,1,4932,3,No
EMP-13D93186,31,Customer Support,Customer Success Manager,16,8940,0,No
EMP-C66D8FDA,45,Human Resources,HR Business Partner,2,5938,19,No
EMP-E11472D5,38,Sales,Regional Manager,1,9771,1,No
EMP-07DA7C14,20,Research & Development,Research Scientist,3,3165,2,No
EMP-BCEDDC91,42,Engineering,Engineering Manager,1,8756,4,No
EMP-2F1A655E,35,Engineering,Engineering Manager,2,10159,5,No
EMP-4D06CBFB,47,Customer Support,Support Director,3,10952,1,No
EMP-8C89A9DC,49,Engineering,Software Engineer,6,3823,2,No
EMP-AA13E0F2,35,Engineering,Senior Software Engineer,7,4604,0,No
EMP-F96D45C3,52,Human Resources,HR Business Partner,11,5651,5,No
EMP-C968D853,52,Research & Development,Research Scientist,7,4341,1,No
EMP-FE4B517E,48,Research & Development,Research Scientist,8,3902,5,No
EMP-88857063,43,Customer Support,Support Specialist,5,5303,3,No
EMP-22766165,33,Research & Development,Research Scientist,4,5436,0,No
EMP-185C0499,27,Customer Support,Support Director,5,11740,5,No
EMP-46CA03CB,39,Sales,Sales Executive,14,3183,8,No
EMP-4A7D4143,46,Research & Development,Laboratory Technician,6,4398,3,No
EMP-A6B80D03,20,Engineering,Senior Software Engineer,4,5528,2,No
EMP-002CC244,27,Human Resources,HR Generalist,19,2893,0,No
EMP-3582C4F8,28,Sales,Sales Executive,4,4621,0,Yes
EMP-E5226647,46,Customer Support,Support Director,21,8680,1,No
EMP-C68371E9,18,Customer Support,Support Director,20,6738,0,No
EMP-ABAF76B4,58,Research & Development,Research Scientist,18,4189,0,No
EMP-61718557,46,Human Resources,HR Generalist,13,3765,3,No
EMP-C80AD546,18,Engineering,Software Engineer,7,4496,0,No
EMP-6C4B649A,54,Customer Support,Customer Success Manager,19,8844,0,No
EMP-3557964F,18,Human Resources,HR Generalist,11,2598,0,No
EMP-099EC4E1,46,Engineering,Senior Software Engineer,5,6388,12,No
EMP-84DF3253,50,Research & Development,Research Scientist,1,4010,4,Yes
EMP-67BFDF03,44,Sales,Sales Representative,3,3494,5,No
EMP-0A6C4F64,27,Research & Development,Research Scientist,1,4824,2,No
EMP-45514B0E,46,Sales,Sales Executive,16,3271,3,No
EMP-914D1E7F,53,Engineering,Engineering Manager,17,11486,2,No
EMP-83265A6F,28,Human Resources,HR Business Partner,7,4911,2,No
EMP-48ACD92E,29,Engineering,Senior Software Engineer,12,5848,1,No
EMP-761346F5,34,Customer Support,Support Director,2,8034,4,No
EMP-DEBB912C,29,Human Resources,HR Business Partner,7,3471,1,No
EMP-0B370D17,18,Customer Support,Support Director,1,7822,0,No
EMP-4F64CDBC,57,Sales,Regional Manager,12,11800,0,Yes
EMP-A6B7EE2B,45,Engineering,Software Engineer,29,3283,0,No
EMP-D8DBD4A6,23,Research & Development,Research Director,1,9585,1,No
EMP-6F30177A,42,Sales,Regional Manager,7,8699,0,No
EMP-8CFD1D72,41,Sales,Sales Executive,4,2588,4,No
EMP-575125A4,32,Engineering,Senior Software Engineer,2,5690,1,No
EMP-54259C76,56,Human Resources,HR Business Partner,3,4978,0,Yes
EMP-05286EFE,62,Human Resources,HR Director,32,10124,4,No
EMP-F4D75C37,63,Customer Support,Support Specialist,26,2807,8,No
EMP-FA5FDB1A,26,Engineering,Software Engineer,3,3094,3,No
EMP-F895B159,38,Sales,Sales Executive,1,6032,6,No
EMP-6E7ED140,31,Customer Support,Support Specialist,10,5078,2,No
EMP-B29BFDD4,57,Human Resources,HR Business Partner,21,6308,3,Yes
EMP-48C5EFBD,48,Engineering,Engineering Manager,2,8632,2,No
EMP-FECC6094,42,Research & Development,Research Director,5,10399,1,Yes
EMP-B7BD07CC,24,Human Resources,HR Director,1,8521,6,No
EMP-0D07959B,34,Research & Development,Laboratory Technician,4,2047,16,Yes
EMP-F7B72B2A,30,Engineering,Engineering Manager,1,9373,4,No
EMP-EF79FB58,23,Customer Support,Support Director,5,11766,0,No
EMP-567BF92C,48,Customer Support,Support Director,1,13834,0,No
EMP-6AAFCC41,25,Engineering,Engineering Manager,2,10139,0,No
EMP-703F6780,30,Research & Development,Manufacturing Director,2,8249,3,No
EMP-B40CF9DC,47,Research & Development,Research Scientist,1,4066,8,No
EMP-1AC40C48,34,Research & Development,Laboratory Technician,5,4345,0,No
EMP-CBCF3F60,29,Human Resources,HR Director,8,8531,2,No
EMP-F3FCE899,31,Engineering,Senior Software Engineer,1,7396,9,No
EMP-256453D2,48,Sales,Sales Executive,8,2456,3,No
EMP-C895E8BA,55,Sales,Regional Manager,1,9562,5,No
EMP-B9AA744F,42,Sales,Sales Representative,5,3139,2,No
EMP-74867EA1,38,Engineering,Engineering Manager,1,8242,3,No
EMP-073CF628,30,Customer Support,Customer Success Manager,6,10623,12,No
EMP-4A898762,46,Customer Support,Support Director,5,10176,7,No
EMP-9461D60C,33,Engineering,Senior Software Engineer,18,4438,2,Yes
EMP-B8AB92E6,50,Customer Support,Support Specialist,8,5152,2,No
EMP-B34E1B09,19,Customer Support,Customer Success Manager,1,10677,1,No
EMP-F9D297CE,34,Customer Support,Support Specialist,10,4843,1,Yes
EMP-ABE0E753,23,Research & Development,Laboratory Technician,4,3197,2,No
EMP-B7E9239C,38,Sales,Sales Executive,28,6167,0,No
EMP-F06B4779,64,Customer Support,Support Director,25,9716,0,No
EMP-E2D334FD,49,Sales,Sales Executive,2,4278,10,Yes
EMP-CA851E5A,39,Research & Development,Research Scientist,5,4644,0,No
EMP-299DE0CE,37,Customer Support,Support Director,1,10591,5,No
EMP-EEF78840,27,Customer Support,Support Director,2,9538,0,No
EMP-8F96BDB2,57,Research & Development,Research Director,7,10996,8,No
EMP-9E3604A1,41,Human Resources,HR Generalist,1,5202,5,Yes
EMP-B6572B29,53,Human Resources,HR Business Partner,10,3658,2,No
EMP-A293537D,35,Engineering,Software Engineer,4,3193,1,No
EMP-5B5FC547,23,Customer Support,Support Specialist,1,6509,1,No
EMP-BDA69F6A,43,Research & Development,Laboratory Technician,12,5154,5,No
EMP-95E22993,31,Human Resources,HR Business Partner,3,5642,8,No
EMP-D51F270C,37,Customer Support,Support Specialist,1,4478,0,No
EMP-878FEF39,45,Customer Support,Support Specialist,1,2000,14,Yes
EMP-D10A2B67,45,Customer Support,Support Specialist,15,3719,7,No
EMP-C4181266,54,Customer Support,Support Director,10,11224,4,No
EMP-403DA939,40,Customer Support,Customer Success Manager,13,9638,7,No
EMP-B25A8A2A,34,Customer Support,Support Director,1,10085,3,No
EMP-B82B6C96,50,Research & Development,Research Director,5,9666,4,No
EMP-4A23236D,32,Engineering,Senior Software Engineer,9,6039,8,No
EMP-1C9C9151,41,Customer Support,Support Specialist,9,2647,0,No
EMP-C85E4499,24,Research & Development,Laboratory Technician,1,3361,5,Yes
EMP-47A316C0,54,Engineering,Engineering Manager,1,11068,11,No
EMP-FCA2FD09,22,Research & Development,Research Director,6,8481,2,No
EMP-D3A0971D,45,Human Resources,HR Business Partner,15,5503,13,No
EMP-0F0E1A78,42,Research & Development,Laboratory Technician,3,2173,8,No
EMP-3463DD6A,38,Human Resources,HR Business Partner,4,5888,1,No
EMP-C4F92BA4,47,Human Resources,HR Business Partner,9,6478,9,No
EMP-03E358D4,39,Human Resources,HR Generalist,5,2000,0,Yes
EMP-F06D4ED1,57,Human Resources,HR Business Partner,8,6824,6,No
EMP-CAE88944,30,Customer Support,Support Director,1,9740,4,No
EMP-BC116B08,34,Research & Development,Research Scientist,5,3753,4,No
EMP-DC75EC32,50,Human Resources,HR Director,10,8475,2,No
EMP-4CC6F7A9,45,Engineering,Software Engineer,10,5505,4,No
EMP-05CD6D08,43,Engineering,Software Engineer,17,3812,4,No
EMP-336A4FA8,30,Customer Support,Customer Success Manager,4,8817,3,No
EMP-92B6A4A3,39,Engineering,Engineering Manager,1,7336,19,Yes
EMP-21B648DE,38,Customer Support,Customer Success Manager,12,10638,2,No
EMP-57970BDA,23,Human Resources,HR Director,3,11029,4,No
EMP-7763E2A5,65,Research & Development,Manufacturing Director,3,9523,2,No
EMP-01B0809D,35,Human Resources,HR Generalist,1,3847,8,No
EMP-794B02D9,39,Human Resources,HR Generalist,3,3642,10,No
EMP-408A9997,18,Engineering,Engineering Manager,7,9420,0,No
EMP-C62736B6,28,Research & Development,Research Director,58,9796,2,Yes
EMP-3A29223C,51,Sales,Sales Representative,4,2861,8,No
EMP-F1FFCF79,55,Human Resources,HR Director,1,9161,9,Yes
EMP-263CB89F,29,Engineering,Software Engineer,1,4824,1,No
EMP-83D895D5,33,Research & Development,Manufacturing Director,5,9546,4,No
EMP-0C60B8A8,38,Human Resources,HR Generalist,17,4749,3,No
EMP-2352DFB3,37,Research & Development,Laboratory Technician,8,3778,15,No
EMP-AD268BFC,34,Sales,Sales Executive,2,4619,1,No
EMP-A039B9C0,32,Engineering,Engineering Manager,7,11223,3,Yes
EMP-65425180,38,Engineering,Engineering Manager,1,7582,0,Yes
EMP-9FF8BC99,41,Human Resources,HR Business Partner,5,6570,3,No
EMP-AA1AD0A5,51,Customer Support,Customer Success Manager,15,8714,7,No
EMP-9AD132CD,29,Research & Development,Laboratory Technician,4,4792,3,No
EMP-83B9181F,49,Customer Support,Support Director,3,8669,0,No
EMP-AA2D4FBF,40,Research & Development,Laboratory Technician,2,3931,4,No
EMP-C83398FB,30,Customer Support,Support Specialist,6,3860,6,Yes
EMP-ADEFFA1F,48,Sales,Regional Manager,3,9646,0,No
EMP-83748554,36,Sales,Sales Representative,8,4724,7,No
EMP-A689CF39,49,Sales,Sales Executive,1,2842,1,No
EMP-BE1570CB,41,Human Resources,HR Generalist,2,3569,6,No
EMP-CD7091B7,38,Human Resources,HR Director,7,10424,3,No
EMP-88497AE5,35,Human Resources,HR Generalist,9,2000,17,Yes
EMP-56420210,37,Human Resources,HR Director,10,10789,11,No
EMP-D63A7D59,42,Engineering,Engineering Manager,5,9474,4,Yes
EMP-4DC07464,39,Research & Development,Research Scientist,2,4078,6,No
EMP-1FB8E292,20,Sales,Regional Manager,14,9788,2,No
EMP-6DCB0EFC,25,Sales,Sales Executive,6,5385,4,No
EMP-0524E8C0,25,Customer Support,Customer Success Manager,32,9111,3,No
EMP-CB54E87A,32,Human Resources,HR Director,4,11466,2,No
EMP-6A96D480,49,Sales,Sales Representative,7,2000,3,No
EMP-E707BE8E,37,Human Resources,HR Director,1,8255,0,No
EMP-C9956751,39,Research & Development,Laboratory Technician,10,4794,2,No
EMP-35AE0DCA,40,Sales,Sales Executive,14,4872,2,No
EMP-4483B13B,35,Sales,Sales Representative,3,4333,1,No
EMP-BD02508C,44,Customer Support,Support Director,1,9067,0,No
EMP-D451B792,29,Engineering,Engineering Manager,2,8828,7,No
EMP-F9E2960A,36,Human Resources,HR Generalist,5,4018,2,No
EMP-9D4561FF,41,Customer Support,Support Specialist,12,3115,6,No
EMP-FD053200,45,Engineering,Engineering Manager,29,11783,2,Yes
EMP-B3483E78,32,Engineering,Software Engineer,27,6942,0,No
EMP-32895B20,57,Engineering,Senior Software Engineer,15,6014,4,No
EMP-693F857B,36,Research & Development,Research Scientist,1,3212,1,No
EMP-E69717B5,46,Customer Support,Customer Success Manager,18,9694,0,No
EMP-3AD8E223,39,Engineering,Software Engineer,7,2998,1,No
EMP-C3E2D51D,47,Human Resources,HR Business Partner,4,5729,6,No
EMP-F492706C,27,Sales,Sales Executive,26,3919,3,No
EMP-10AFA6A2,30,Human Resources,HR Business Partner,1,7641,0,No
EMP-1F3F610B,57,Research & Development,Manufacturing Director,4,9553,5,No
EMP-F320D510,48,Customer Support,Support Director,6,10856,12,No
EMP-5D840B51,18,Sales,Sales Representative,2,3229,0,No
EMP-F7670E29,39,Sales,Sales Representative,2,3497,1,No
EMP-21E88BA9,30,Sales,Sales Representative,2,5345,0,No
EMP-DDA76614,33,Engineering,Engineering Manager,6,10006,3,No
EMP-CC68F9EB,48,Customer Support,Support Specialist,16,5723,0,No
EMP-7999CD9C,27,Engineering,Senior Software Engineer,1,4833,1,Yes
EMP-81472C6A,40,Research & Development,Research Director,10,7264,2,No
EMP-DD826777,28,Engineering,Engineering Manager,3,11092,3,No
EMP-DF09FB4C,44,Customer Support,Support Director,12,9458,0,No
EMP-2B66A876,42,Sales,Regional Manager,9,10449,8,No
EMP-2E39154E,24,Customer Support,Customer Success Manager,7,9031,3,Yes
EMP-BC60033A,61,Customer Support,Customer Success Manager,29,11274,11,No
EMP-B5534F27,40,Sales,Sales Representative,28,4361,0,Yes
EMP-0D274F1F,37,Engineering,Software Engineer,18,2000,3,No
EMP-FB9421EE,32,Customer Support,Customer Success Manager,2,10094,6,No
EMP-E1C5B7A9,33,Sales,Sales Executive,3,2778,2,Yes
EMP-767B9709,28,Research & Development,Laboratory Technician,8,5703,0,No
EMP-928F9D15,32,Research & Development,Research Director,10,11014,6,No
EMP-6645A91E,41,Engineering,Engineering Manager,9,9322,2,No
EMP-8C7EDA84,30,Research & Development,Research Scientist,4,4796,8,No
EMP-2FBBDA0A,48,Human Resources,HR Business Partner,5,6917,6,No
EMP-A68A6170,25,Human Resources,HR Business Partner,10,5393,7,No
EMP-068569D0,34,Human Resources,HR Generalist,11,2000,3,No
EMP-8F85DB28,42,Customer Support,Support Director,1,10330,24,No
EMP-B2C854B0,43,Research & Development,Manufacturing Director,10,10076,9,Yes
EMP-41736A95,34,Customer Support,Support Specialist,20,3044,1,Yes
EMP-56C6405F,34,Customer Support,Customer Success Manager,19,9977,5,Yes
EMP-7058883E,50,Human Resources,HR Generalist,5,4093,1,No
EMP-04CB3B25,38,Customer Support,Customer Success Manager,7,7397,8,No
EMP-0A81D86A,41,Engineering,Senior Software Engineer,15,7638,1,No
EMP-8D4480B5,36,Customer Support,Support Specialist,11,3779,2,No
EMP-0822CA17,34,Engineering,Software Engineer,1,4839,1,Yes
EMP-A0B405F3,19,Engineering,Senior Software Engineer,7,7415,1,No
EMP-D868DFDC,35,Research & Development,Manufacturing Director,6,10080,3,No
EMP-AF728603,45,Research & Development,Research Scientist,4,2906,0,Yes
EMP-D226F3E3,37,Sales,Sales Executive,6,3702,0,No
EMP-CB130AA4,26,Engineering,Engineering Manager,8,10835,1,No
EMP-E03D9655,34,Research & Development,Laboratory Technician,2,2594,3,Yes
EMP-CBA87EB9,38,Engineering,Senior Software Engineer,1,4292,5,No
EMP-4B01FC64,33,Customer Support,Customer Success Manager,6,9952,0,No
EMP-8CD56BFE,22,Engineering,Engineering Manager,7,10357,3,No
EMP-8372AA0E,38,Engineering,Senior Software Engineer,8,6945,2,No
EMP-8549B165,45,Research & Development,Research Director,5,9019,8,No
EMP-70B83EAD,33,Customer Support,Customer Success Manager,12,10170,1,No
EMP-51632598,27,Research & Development,Manufacturing Director,12,8339,1,No
EMP-E3C96B97,31,Customer Support,Support Director,6,7982,0,No
EMP-AF8F5202,26,Sales,Regional Manager,5,8217,4,No
EMP-E22CD139,34,Human Resources,HR Generalist,19,3559,1,No
EMP-96D23ACF,47,Sales,Sales Executive,10,3632,2,No
EMP-6CA97E03,37,Customer Support,Customer Success Manager,16,11676,15,No
EMP-C7DDE90F,18,Sales,Regional Manager,6,9834,0,No
EMP-101DA84D,35,Sales,Sales Executive,25,4354,8,No
EMP-885F04E4,32,Sales,Regional Manager,1,9225,1,No
EMP-CA3C8781,50,Customer Support,Customer Success Manager,22,10153,4,No
EMP-A19B7858,35,Human Resources,HR Director,6,8670,0,No
EMP-F018E650,27,Engineering,Senior Software Engineer,10,5399,3,No
EMP-68625A6E,18,Engineering,Engineering Manager,31,9384,0,No
EMP-BDF69588,55,Engineering,Senior Software Engineer,8,6146,13,No
EMP-DE42CD26,31,Human Resources,HR Business Partner,1,3309,4,Yes
EMP-5B5DB66D,29,Customer Support,Support Director,7,9001,3,No
EMP-2D21F8AE,40,Customer Support,Customer Success Manager,9,9042,1,Yes
EMP-56EBD60C,55,Engineering,Engineering Manager,7,9303,2,Yes
EMP-38CF02AF,47,Sales,Regional Manager,27,7696,5,No
EMP-289AB396,37,Customer Support,Support Specialist,22,3051,0,Yes
EMP-507C3050,48,Sales,Sales Executive,5,3515,2,No
EMP-294F5BDB,50,Human Resources,HR Business Partner,1,6739,4,No
EMP-92FDD923,32,Human Resources,HR Business Partner,4,4709,3,No
EMP-B8EE7B85,30,Sales,Regional Manager,1,9226,0,Yes
EMP-A33CC7D1,44,Research & Development,Research Scientist,1,3952,14,No
EMP-350CC4A0,45,Human Resources,HR Generalist,10,5618,8,No
EMP-2D11CB4D,38,Research & Development,Research Director,11,8423,4,No
EMP-A1EADC60,41,Customer Support,Support Specialist,4,6300,2,No
EMP-EED83DF5,46,Sales,Sales Executive,6,4317,8,No
EMP-ABC094A7,29,Research & Development,Research Director,1,9343,0,No
EMP-B73C8BAC,22,Engineering,Senior Software Engineer,12,4645,4,No
EMP-F68233C7,41,Engineering,Engineering Manager,1,7534,0,No
EMP-BBA9FAD9,34,Research & Development,Manufacturing Director,4,8130,7,Yes
EMP-840E6566,27,Human Resources,HR Generalist,13,4035,2,Yes
EMP-9ECCA627,30,Engineering,Senior Software Engineer,6,4320,2,No
EMP-86A78ADB,32,Engineering,Engineering Manager,1,7885,7,No
EMP-D373421D,49,Customer Support,Support Specialist,16,4800,3,No
EMP-C13B54F7,44,Engineering,Senior Software Engineer,12,5012,1,No
EMP-23EE3684,41,Customer Support,Customer Success Manager,12,9803,1,Yes
EMP-8AFC02BC,30,Engineering,Senior Software Engineer,4,5877,6,No
EMP-A858B331,22,Customer Support,Support Director,9,8336,4,No
EMP-09520333,36,Sales,Regional Manager,1,8989,5,No
EMP-33CAA631,41,Engineering,Engineering Manager,3,8722,1,No
EMP-2C5F5030,34,Human Resources,HR Business Partner,6,5941,3,No
EMP-365AB314,29,Sales,Sales Representative,4,3530,5,No
EMP-81CECB76,39,Engineering,Senior Software Engineer,8,7794,1,No
EMP-1066C5F4,29,Research & Development,Research Scientist,2,3394,1,No
EMP-1343678F,65,Research & Development,Manufacturing Director,28,10613,1,No
EMP-7F3F4A42,49,Sales,Sales Executive,8,4590,1,Yes
EMP-A5C37B69,48,Sales,Regional Manager,1,8575,1,Yes
EMP-3A984BC2,47,Engineering,Senior Software Engineer,6,6845,5,No
EMP-87EB9072,27,Human Resources,HR Business Partner,5,5566,4,No
EMP-478BE3C3,18,Sales,Regional Manager,7,9707,0,Yes
EMP-ECBEA5DC,47,Customer Support,Support Director,8,8936,2,No
EMP-D81CC6A9,28,Research & Development,Laboratory Technician,4,2729,9,No
EMP-A050619B,37,Sales,Sales Executive,4,4579,9,No
EMP-4B32EEFD,53,Research & Development,Research Director,2,7037,6,No
EMP-27F2C442,51,Customer Support,Support Specialist,15,4170,1,No
EMP-047BDCCC,46,Research & Development,Manufacturing Director,4,10370,0,No
EMP-149D457C,37,Sales,Regional Manager,4,9550,4,No
EMP-2C54C11D,41,Human Resources,HR Business Partner,2,5652,1,No
EMP-1B523B65,35,Human Resources,HR Business Partner,2,2000,1,Yes
EMP-CC0D3FF5,43,Sales,Sales Representative,14,3033,3,No
EMP-6205D0BB,47,Engineering,Senior Software Engineer,1,7082,16,No
EMP-28514E68,33,Sales,Sales Representative,2,4651,0,No
EMP-902F9E0B,42,Human Resources,HR Generalist,6,3283,7,No
EMP-6DDCA523,44,Engineering,Software Engineer,11,5746,0,No
EMP-EE72EBA5,48,Research & Development,Research Director,1,7909,0,Yes
EMP-333BAF07,42,Customer Support,Customer Success Manager,3,10620,5,No
EMP-03EBEABF,31,Sales,Sales Representative,1,5193,13,No
EMP-E6984F1A,30,Sales,Sales Executive,6,3640,7,Yes
EMP-071F164F,30,Customer Support,Support Director,2,8546,12,No
EMP-CFCA374E,41,Engineering,Software Engineer,25,2400,0,No
EMP-5BF8997C,35,Research & Development,Laboratory Technician,10,4399,7,No
EMP-75398AC9,30,Engineering,Senior Software Engineer,1,7414,2,Yes
EMP-3408AD08,36,Human Resources,HR Business Partner,7,7725,18,No
EMP-CAE9ADC3,54,Customer Support,Support Director,4,7882,2,No
EMP-B286EAB5,41,Engineering,Senior Software Engineer,7,6199,7,No
EMP-2D6EBAEB,33,Sales,Regional Manager,2,9602,3,No
EMP-7E53D9B5,65,Engineering,Engineering Manager,26,10223,5,No
EMP-8EFF6F35,45,Engineering,Software Engineer,15,3831,1,No
EMP-9DE604EF,41,Human Resources,HR Business Partner,8,5028,7,No
EMP-FD3AFB9F,45,Engineering,Software Engineer,42,5670,3,No
EMP-9B42A3B1,46,Sales,Sales Representative,31,3130,5,No
EMP-C6673198,28,Human Resources,HR Generalist,4,6781,2,No
EMP-783EA2BB,51,Human Resources,HR Director,11,10455,1,Yes
EMP-2BBFCDB3,52,Customer Support,Support Specialist,6,3963,3,No
EMP-67FAB8F3,44,Research & Development,Manufacturing Director,5,10999,11,No
EMP-74B1C3CB,35,Sales,Regional Manager,13,10132,8,No
EMP-7109B7BA,48,Engineering,Software Engineer,1,2777,2,No
EMP-83194143,34,Engineering,Engineering Manager,8,10818,3,No
EMP-BC9405BD,39,Sales,Sales Executive,1,4071,4,Yes
EMP-AE71AF36,37,Customer Support,Support Specialist,1,5353,4,No
EMP-9ED4C87E,28,Sales,Regional Manager,18,9059,3,No
EMP-D4B9089E,24,Engineering,Engineering Manager,24,9216,0,No
EMP-69880074,39,Engineering,Software Engineer,3,2000,1,Yes
EMP-6ED3544A,30,Sales,Sales Representative,1,4230,2,No
EMP-2AC80B7A,42,Sales,Sales Representative,5,6067,4,Yes
EMP-946C62E5,43,Customer Support,Customer Success Manager,1,9386,5,No
EMP-3BCAFAFA,39,Customer Support,Support Specialist,2,4181,1,No
EMP-4BE01B6B,33,Research & Development,Laboratory Technician,16,4281,6,Yes
EMP-9221741C,33,Research & Development,Research Director,12,9940,5,No
EMP-88189AF4,37,Engineering,Engineering Manager,1,9334,4,Yes
EMP-BA5A1C86,36,Research & Development,Laboratory Technician,18,4893,0,Yes
EMP-B0E96A7E,44,Sales,Sales Representative,1,3675,4,No
EMP-D662AEB1,45,Sales,Sales Representative,1,3906,1,No
EMP-6C6BA494,37,Customer Support,Support Specialist,3,3462,10,No
EMP-8A9848B9,53,Sales,Sales Executive,7,5758,0,No
EMP-278E21EE,31,Customer Support,Support Specialist,6,3608,5,Yes
EMP-5031C061,41,Research & Development,Research Director,27,10249,0,No
EMP-6B8B88AD,27,Engineering,Senior Software Engineer,4,4973,1,Yes
EMP-65524699,18,Customer Support,Support Director,7,10253,0,Yes
EMP-8E0460E5,23,Research & Development,Laboratory Technician,1,3228,2,No
EMP-B3196AFD,46,Human Resources,HR Generalist,10,4972,1,Yes
EMP-6AB78FEE,53,Research & Development,Research Director,6,11883,3,No
EMP-5B1B3FA7,65,Human Resources,HR Director,12,9174,0,Yes
EMP-C534C8B0,32,Research & Development,Laboratory Technician,1,4478,14,No
EMP-4E126087,24,Customer Support,Customer Success Manager,6,9313,6,No
EMP-35D6501A,39,Sales,Sales Representative,4,4570,4,Yes
EMP-675D52BB,43,Sales,Sales Executive,20,3678,4,No
EMP-7F08FF61,26,Customer Support,Customer Success Manager,1,8384,8,No
EMP-2E3C0CF3,18,Engineering,Engineering Manager,6,8941,0,Yes
EMP-AC8DF15E,24,Research & Development,Manufacturing Director,4,9017,2,No
EMP-37FDB12F,41,Engineering,Software Engineer,6,2591,10,No
EMP-0F692959,38,Customer Support,Support Director,14,9265,7,Yes
EMP-3E09F26B,41,Research & Development,Research Director,26,10277,2,No
EMP-4D432556,34,Sales,Regional Manager,1,9602,1,No
EMP-AD2522AA,35,Human Resources,HR Business Partner,1,5451,0,No
EMP-8B18C10F,31,Customer Support,Support Specialist,24,4561,11,No
EMP-DD883159,51,Customer Support,Support Specialist,1,5405,20,No
EMP-0BA618B2,25,Customer Support,Support Director,22,11147,1,No
EMP-D9C06346,28,Research & Development,Manufacturing Director,25,9770,0,Yes
EMP-ED8823CD,41,Sales,Sales Executive,14,2218,4,No
EMP-230C52BE,36,Engineering,Senior Software Engineer,23,7632,2,Yes
EMP-6BAEE078,18,Sales,Sales Executive,5,6902,0,No
EMP-8C29F8AC,18,Human Resources,HR Generalist,2,4345,0,No
EMP-0F977926,23,Human Resources,HR Director,1,10133,5,No
EMP-430803DE,49,Engineering,Software Engineer,7,4966,11,Yes
EMP-81B1A732,23,Sales,Regional Manager,40,10773,1,Yes
EMP-BEF5E803,35,Sales,Sales Representative,1,2332,17,No
EMP-62DC615D,51,Sales,Sales Executive,10,6519,3,No
EMP-911BF755,38,Customer Support,Support Director,12,9143,2,No
EMP-7AD68618,30,Research & Development,Manufacturing Director,2,10482,0,No
EMP-2A248640,48,Sales,Sales Representative,17,3543,2,No
EMP-E1851292,53,Research & Development,Research Director,2,10373,0,No
EMP-D7439464,38,Engineering,Software Engineer,39,4385,2,Yes
EMP-885C0B0F,28,Customer Support,Customer Success Manager,3,10467,3,Yes
EMP-20AD587E,28,Engineering,Software Engineer,3,3395,0,Yes
EMP-B809021F,37,Customer Support,Customer Success Manager,1,11867,0,Yes
EMP-76F3CC6F,40,Human Resources,HR Generalist,1,2991,7,No
EMP-B47D68C4,41,Research & Development,Manufacturing Director,1,10296,8,No
EMP-359B7F7A,50,Research & Development,Manufacturing Director,9,9570,5,No
EMP-1BD59CC5,30,Customer Support,Support Specialist,1,6651,0,No
EMP-90660D88,41,Sales,Sales Representative,8,2997,4,No
EMP-3DEB12C4,37,Research & Development,Manufacturing Director,25,8995,2,No
EMP-648EE1B9,50,Human Resources,HR Director,15,10284,3,No
EMP-D354A2C8,34,Customer Support,Support Specialist,21,5237,1,No
EMP-428559FA,36,Customer Support,Support Specialist,15,3932,2,Yes
EMP-ADC59608,30,Customer Support,Customer Success Manager,23,8711,8,No
EMP-A9C44DA0,59,Research & Development,Research Director,6,10773,2,No
EMP-95ABFF8A,19,Human Resources,HR Generalist,6,2859,1,No
EMP-89CE3081,26,Research & Development,Research Scientist,7,4071,1,No
EMP-7EEE20B6,33,Customer Support,Support Specialist,9,5802,6,No
EMP-DA76EB1E,34,Customer Support,Support Specialist,4,6382,2,No
EMP-CD4B5084,37,Sales,Sales Representative,18,6704,10,No
EMP-5870EFE7,35,Sales,Sales Representative,9,3780,1,No
EMP-B7DC02A1,47,Customer Support,Support Specialist,2,4946,1,No
EMP-2BA43457,25,Engineering,Senior Software Engineer,3,6100,1,No
EMP-B85C4572,33,Sales,Sales Representative,15,3413,0,No
EMP-CF6086DB,38,Sales,Regional Manager,37,9254,2,No
EMP-287C6A84,39,Engineering,Software Engineer,23,2810,7,Yes
EMP-9AEE04E1,22,Human Resources,HR Generalist,7,5194,0,No
EMP-66057D61,49,Sales,Sales Executive,33,5110,1,No
EMP-22EFFE37,38,Human Resources,HR Generalist,12,3565,7,No
EMP-60800588,31,Customer Support,Support Director,7,8646,2,No
EMP-E13BE96B,37,Engineering,Senior Software Engineer,16,7363,4,No
EMP-D09122BE,31,Engineering,Software Engineer,17,5365,1,No
EMP-818DE524,23,Human Resources,HR Director,6,9882,1,No
EMP-F935DC61,42,Sales,Regional Manager,41,8974,0,Yes
EMP-BE617F2F,27,Human Resources,HR Director,1,10615,2,Yes
EMP-82DFB8F5,38,Engineering,Senior Software Engineer,20,9164,0,No
EMP-F53AAB10,49,Customer Support,Support Director,11,10995,14,No
EMP-D6F13B4F,18,Research & Development,Laboratory Technician,3,3185,0,No
EMP-EE7102DD,26,Human Resources,HR Director,38,7222,0,No
EMP-45FCC2EB,37,Customer Support,Support Director,9,10582,8,No
EMP-8E264FF7,28,Sales,Sales Executive,5,2000,2,No
EMP-47D22173,29,Engineering,Engineering Manager,9,9408,0,Yes
EMP-F4D086A8,35,Human Resources,HR Generalist,3,4012,5,No
EMP-3D7DA52D,42,Sales,Regional Manager,20,9583,2,No
EMP-369D90D0,46,Research & Development,Research Scientist,23,2864,1,No
EMP-70512FA5,35,Research & Development,Laboratory Technician,37,4702,1,No
EMP-E0A37447,40,Customer Support,Support Director,6,11799,1,Yes
EMP-3A2F2B7F,28,Research & Development,Manufacturing Director,8,10324,1,No
EMP-E5ABCF1F,31,Human Resources,HR Director,5,8719,1,No
EMP-94297AC2,48,Human Resources,HR Generalist,12,3969,4,Yes
EMP-A141F3ED,40,Human Resources,HR Business Partner,1,5329,7,No
EMP-840C19C0,32,Customer Support,Support Specialist,4,2176,9,No
EMP-CC2DC783,39,Customer Support,Support Director,1,8356,6,No
EMP-3C08A35C,36,Human Resources,HR Business Partner,6,7053,13,No
EMP-9CBD2E92,20,Sales,Sales Executive,8,7591,2,No
EMP-FAE5343D,30,Engineering,Software Engineer,15,3863,2,Yes
EMP-5E767964,40,Research & Development,Manufacturing Director,21,8659,10,No
EMP-67D4D572,33,Sales,Sales Executive,9,5345,4,No
EMP-5B015E5B,45,Sales,Regional Manager,6,9296,3,No
EMP-6FF192F1,37,Research & Development,Research Scientist,1,4167,3,No
EMP-81AFAA3D,43,Sales,Sales Representative,15,4758,6,No
EMP-2EB1C4DC,44,Customer Support,Support Specialist,22,3507,1,No
EMP-2B0641A3,39,Engineering,Senior Software Engineer,10,7197,3,No
EMP-55D00A0B,60,Sales,Sales Representative,6,4095,3,No
EMP-3A349883,32,Sales,Sales Executive,1,3038,1,No
EMP-5924A84D,44,Customer Support,Support Director,9,7728,0,No
EMP-CEFEBEB1,44,Customer Support,Customer Success Manager,2,10369,1,No
EMP-6F21CB19,32,Human Resources,HR Business Partner,5,6287,4,No
EMP-E2E17011,35,Customer Support,Support Director,9,8000,1,No
EMP-9CDB91A4,43,Human Resources,HR Director,3,10139,9,No
EMP-2AAA000D,33,Human Resources,HR Generalist,23,6622,2,No
EMP-478EBC47,38,Research & Development,Research Director,6,7382,2,No
EMP-D2DB7B3A,48,Human Resources,HR Generalist,19,4945,18,No
EMP-B3CDDBFF,47,Human Resources,HR Business Partner,5,4815,5,No
EMP-4E2A07A8,40,Customer Support,Support Specialist,13,3987,15,No
EMP-2E53AE48,36,Human Resources,HR Generalist,2,5606,2,No
EMP-D612DA88,38,Research & Development,Research Scientist,7,3520,3,No
EMP-C51DF9C3,33,Sales,Sales Representative,5,2732,2,No
EMP-E613EB20,39,Engineering,Senior Software Engineer,8,7712,9,No
EMP-B9342D61,34,Research & Development,Laboratory Technician,12,4322,2,No
EMP-CBC0EF66,36,Human Resources,HR Generalist,6,3896,2,No
EMP-AFAC32FE,46,Customer Support,Support Specialist,14,2718,1,No
EMP-25CC2767,23,Sales,Sales Executive,2,5269,0,No
EMP-748083B3,32,Engineering,Software Engineer,9,3533,0,No
EMP-07A37356,62,Human Resources,HR Generalist,3,4937,0,Yes
EMP-B4F2EFCB,29,Customer Support,Support Director,15,10962,2,No
EMP-28147F99,46,Human Resources,HR Business Partner,12,2468,1,No
EMP-654F5EDB,39,Customer Support,Support Director,3,8371,2,Yes
EMP-0A57E5A8,37,Customer Support,Support Director,9,12252,3,No
EMP-19D22256,46,Engineering,Senior Software Engineer,7,7232,5,No
EMP-C8F4D3F7,36,Engineering,Software Engineer,5,5239,7,No
EMP-D85D8984,30,Customer Support,Support Specialist,22,4166,0,No
EMP-CEE9867B,46,Engineering,Engineering Manager,30,10557,0,No
EMP-2B945B57,23,Engineering,Senior Software Engineer,4,8293,0,Yes
EMP-619C6C21,28,Sales,Regional Manager,1,12837,4,No
EMP-D129E07E,46,Customer Support,Support Director,23,10522,2,No
EMP-0AF98FD5,29,Human Resources,HR Generalist,5,3408,2,Yes
EMP-D487027B,56,Customer Support,Customer Success Manager,13,11569,3,No
EMP-DA71D1F1,36,Sales,Regional Manager,1,9307,6,No
EMP-249E5D84,35,Engineering,Senior Software Engineer,26,7372,4,No
EMP-63F5A03A,48,Customer Support,Support Specialist,3,4465,2,No
EMP-E54146D8,39,Human Resources,HR Business Partner,5,5794,21,No
EMP-8F9A3714,63,Engineering,Senior Software Engineer,7,4403,1,No
EMP-E43C5BEE,34,Sales,Sales Representative,14,4379,4,No
EMP-8FA49299,22,Human Resources,HR Business Partner,19,5331,4,No
EMP-C2AAEB50,59,Sales,Sales Executive,1,5146,3,No
EMP-2E8AEA66,32,Engineering,Engineering Manager,10,8888,12,No
EMP-034B6D01,24,Engineering,Senior Software Engineer,10,5476,6,No
EMP-CC214660,43,Engineering,Engineering Manager,7,10059,6,No
EMP-5C1BCDFF,34,Research & Development,Laboratory Technician,4,2901,3,Yes
EMP-ADC667A6,36,Human Resources,HR Business Partner,4,5752,1,No
EMP-96A72759,46,Customer Support,Customer Success Manager,32,9876,5,Yes
EMP-435B5EE9,38,Customer Support,Customer Success Manager,2,11091,3,Yes
EMP-504ADA8B,54,Engineering,Engineering Manager,2,10044,2,No
EMP-009A6E61,41,Engineering,Software Engineer,5,3859,7,No
EMP-4A78A46A,29,Customer Support,Support Specialist,8,5074,11,No
EMP-F0BDA509,44,Engineering,Senior Software Engineer,2,5954,0,No
EMP-4FAF439A,40,Sales,Sales Representative,4,5397,13,No
EMP-5B682939,51,Human Resources,HR Business Partner,5,3162,4,No
EMP-50E57430,31,Engineering,Software Engineer,21,3950,2,Yes
EMP-A19D6AAF,27,Sales,Sales Executive,1,4312,1,No
EMP-EBBE24EF,32,Engineering,Software Engineer,23,4354,1,No
EMP-B9807148,32,Human Resources,HR Business Partner,1,5387,7,No
EMP-1106907A,40,Research & Development,Laboratory Technician,2,5132,1,Yes
EMP-228467DB,44,Human Resources,HR Business Partner,2,5960,6,No
EMP-E3FEAB70,20,Sales,Regional Manager,6,8960,0,No
EMP-43A298F3,31,Customer Support,Customer Success Manager,12,10489,0,No
EMP-66F3931B,39,Human Resources,HR Director,34,9833,3,No
EMP-27B84E1D,30,Sales,Sales Representative,2,5679,2,No
EMP-905EDE2E,39,Customer Support,Support Specialist,9,2978,3,No
EMP-30BF942F,30,Research & Development,Laboratory Technician,8,4398,1,Yes
EMP-0AD3C397,29,Engineering,Engineering Manager,1,8850,1,Yes
EMP-498F1A1E,26,Research & Development,Laboratory Technician,7,4878,8,No
EMP-9ACA5F33,29,Engineering,Engineering Manager,4,11507,3,No
EMP-F9575A68,42,Human Resources,HR Generalist,4,2674,9,No
EMP-DFC9376A,44,Customer Support,Support Director,4,11281,1,No
EMP-46C3675A,37,Customer Support,Support Specialist,2,5845,1,No
EMP-59F0C728,42,Research & Development,Laboratory Technician,2,3307,3,No
EMP-251E01F1,60,Research & Development,Manufacturing Director,20,7982,10,No
EMP-E4AF8C79,34,Human Resources,HR Business Partner,5,5961,4,No
EMP-3DCF90B6,57,Human Resources,HR Generalist,1,4908,5,No
EMP-148556C2,43,Human Resources,HR Generalist,4,3131,6,Yes
EMP-E2707FB9,36,Customer Support,Customer Success Manager,12,8933,1,No
EMP-4DC07CC8,43,Engineering,Senior Software Engineer,8,7450,2,No
EMP-636A7441,63,Research & Development,Laboratory Technician,6,3458,5,Yes
EMP-A6ECFE8D,24,Customer Support,Support Specialist,2,3633,0,No
EMP-0BDB5B84,48,Customer Support,Support Director,15,8594,1,No
EMP-95E428F0,38,Customer Support,Support Director,24,10301,6,No
EMP-81003ACC,33,Sales,Sales Representative,2,4278,0,No
EMP-D8D95082,28,Sales,Sales Executive,15,5546,2,No
EMP-F1501B35,35,Sales,Sales Representative,1,4242,2,No
EMP-5DEA9CDD,20,Human Resources,HR Generalist,14,2733,0,No
EMP-A4849A82,48,Customer Support,Support Director,1,9065,14,No
EMP-3075861A,29,Human Resources,HR Generalist,14,2268,4,No
EMP-C859C747,50,Sales,Regional Manager,1,10451,8,No
EMP-B981D42F,44,Research & Development,Research Scientist,22,6037,6,No
EMP-E1A801FD,34,Research & Development,Research Scientist,6,2365,0,Yes
EMP-AF5F354C,38,Research & Development,Research Scientist,1,6311,12,No
EMP-57469178,38,Engineering,Engineering Manager,2,11014,0,No
EMP-ED9DA4E4,24,Sales,Sales Executive,7,3109,6,Yes
EMP-BD7BF419,47,Engineering,Senior Software Engineer,10,6217,3,Yes
EMP-1B507C30,37,Sales,Sales Executive,20,5395,1,No
EMP-47097D83,47,Customer Support,Support Director,27,9850,0,Yes
EMP-429733F1,18,Sales,Sales Representative,9,4021,0,Yes
EMP-0E12E50C,42,Human Resources,HR Director,12,7533,0,Yes
EMP-5199FC17,42,Sales,Sales Executive,29,5457,2,No
EMP-B47D905A,38,Research & Development,Research Scientist,1,2815,17,Yes
EMP-2DFA67B1,18,Human Resources,HR Generalist,1,4517,0,Yes
EMP-E29CF64F,21,Human Resources,HR Director,24,10355,1,No
EMP-52DD6789,56,Research & Development,Research Scientist,1,2000,13,No
EMP-DD97D8E2,31,Sales,Sales Executive,4,3748,4,No
EMP-223BE0B3,57,Sales,Regional Manager,1,9763,1,No
EMP-D1775712,33,Research & Development,Manufacturing Director,9,10857,0,Yes
EMP-D28AB7FA,34,Customer Support,Support Specialist,7,3085,4,No
EMP-A682E8FA,44,Sales,Sales Executive,9,5365,2,No
EMP-6F74D969,18,Engineering,Senior Software Engineer,18,5077,0,No
EMP-018B1285,40,Research & Development,Research Director,19,9399,0,No
EMP-43D837F1,37,Sales,Sales Executive,9,2826,1,No
EMP-D4BCFA23,44,Engineering,Senior Software Engineer,3,7901,0,No
EMP-C4D6E161,30,Research & Development,Research Director,17,10431,2,Yes
EMP-328B67A4,48,Human Resources,HR Generalist,19,4253,2,No
EMP-6DEBB9A3,44,Customer Support,Support Specialist,5,3178,1,No
EMP-DA7E4CA2,53,Human Resources,HR Director,3,10975,1,No
EMP-3482D77B,50,Sales,Sales Executive,1,2637,13,No
EMP-61106041,43,Sales,Sales Representative,2,3260,0,Yes
EMP-FCBD0B7E,54,Customer Support,Support Director,8,8675,9,No
EMP-AFE08E46,40,Engineering,Software Engineer,6,2000,2,No
EMP-F8CD2922,40,Human Resources,HR Business Partner,10,4649,1,Yes
EMP-DCBA02A1,43,Sales,Sales Representative,2,3834,5,No
EMP-D3164015,34,Human Resources,HR Generalist,27,5977,6,Yes
EMP-E6D4CBEB,61,Engineering,Engineering Manager,11,7920,4,Yes
EMP-C55DC6C7,34,Engineering,Engineering Manager,3,10631,1,No
EMP-B2936584,41,Sales,Sales Executive,10,4958,4,No
EMP-42E3FB8A,37,Engineering,Engineering Manager,20,11032,2,No
EMP-B39E4B45,40,Sales,Regional Manager,2,10134,4,No
EMP-1EC0137C,26,Research & Development,Laboratory Technician,8,4123,1,No
EMP-6F3CBC20,46,Research & Development,Manufacturing Director,11,9992,2,Yes
EMP-038932AB,58,Engineering,Software Engineer,32,4176,1,Yes
EMP-01F307F3,43,Engineering,Engineering Manager,5,9842,15,No
EMP-1AFC29EE,37,Customer Support,Support Director,6,10686,4,No
EMP-ABF30125,36,Engineering,Senior Software Engineer,17,4583,0,No
EMP-5366EC44,53,Customer Support,Customer Success Manager,16,8894,14,No
EMP-C72B2CAE,23,Customer Support,Customer Success Manager,25,10365,5,No
EMP-22E6CC01,55,Engineering,Software Engineer,25,4796,6,No
EMP-9915AF89,52,Engineering,Senior Software Engineer,1,4950,2,No
EMP-7A734667,26,Research & Development,Laboratory Technician,1,3605,0,Yes
EMP-6F07AD7A,49,Sales,Sales Executive,44,4679,2,No
EMP-392B6886,44,Sales,Sales Executive,1,4175,6,No
EMP-EC78B187,34,Human Resources,HR Generalist,19,4230,8,No
EMP-5F1BE08B,36,Customer Support,Support Specialist,7,3547,3,No
EMP-E709C486,42,Customer Support,Customer Success Manager,4,9320,0,No
EMP-CBD9E481,40,Research & Development,Manufacturing Director,5,7343,1,No
EMP-113FA287,40,Engineering,Engineering Manager,55,9312,1,Yes
EMP-F1B5C91C,52,Human Resources,HR Director,12,7821,2,No
EMP-719BA0A9,39,Sales,Sales Representative,5,5061,5,No
EMP-F0A96526,37,Sales,Sales Representative,6,3673,1,No
EMP-9714E55B,46,Engineering,Senior Software Engineer,13,6648,22,No
EMP-0DFC928A,44,Sales,Sales Executive,14,3549,2,No
EMP-8F4FD443,33,Human Resources,HR Director,15,9952,3,No
EMP-FC1F70A3,47,Engineering,Software Engineer,10,2445,1,Yes
EMP-30A22005,37,Engineering,Senior Software Engineer,8,5453,10,No
EMP-D8A73661,38,Customer Support,Support Director,14,10535,2,No
EMP-2B8C2AF8,30,Customer Support,Support Director,4,10388,5,No
EMP-C6E72338,34,Engineering,Senior Software Engineer,5,7370,9,No
EMP-5382678A,30,Research & Development,Laboratory Technician,3,5147,5,No
EMP-37A9A7F4,25,Engineering,Engineering Manager,3,9870,7,No
EMP-78C7A96C,44,Customer Support,Support Director,1,8747,5,No
EMP-0340A636,18,Human Resources,HR Business Partner,19,5491,0,Yes
EMP-E3523AFB,38,Customer Support,Support Specialist,4,3668,2,Yes
EMP-A2172540,32,Human Resources,HR Business Partner,28,7077,0,No
EMP-F5077D57,50,Customer Support,Support Specialist,2,5425,1,No
EMP-BB2541EA,42,Human Resources,HR Business Partner,3,6762,3,Yes
EMP-0431B95B,29,Human Resources,HR Business Partner,18,5964,6,No
EMP-0FCFEDFE,39,Sales,Regional Manager,28,9996,4,No
EMP-A379EFE1,41,Research & Development,Manufacturing Director,10,9678,0,No
EMP-8EFD13D2,42,Sales,Sales Representative,15,4320,4,Yes
EMP-BBA431AB,40,Research & Development,Laboratory Technician,3,3221,5,No
EMP-D9B40D0F,27,Sales,Sales Representative,2,4403,4,No
EMP-0FA2EFA7,34,Engineering,Engineering Manager,18,8872,1,No
EMP-B866EB68,45,Engineering,Senior Software Engineer,2,5977,2,Yes
EMP-2A82AF77,52,Engineering,Engineering Manager,23,10310,12,Yes
EMP-1623DBDB,30,Human Resources,HR Business Partner,1,6863,2,No
EMP-984E8006,42,Human Resources,HR Director,10,8710,0,Yes
EMP-B5268670,33,Engineering,Software Engineer,5,4802,5,No
EMP-F5606405,21,Research & Development,Manufacturing Director,1,7197,2,No
EMP-D12AB78C,40,Human Resources,HR Generalist,5,4159,2,No
EMP-D7AE031D,40,Human Resources,HR Business Partner,3,6162,2,Yes
EMP-97C777B8,42,Sales,Regional Manager,1,11126,4,No
EMP-D46DA1F2,38,Human Resources,HR Generalist,7,2360,10,No
EMP-B1DBF6E4,20,Customer Support,Customer Success Manager,2,9239,2,No
EMP-F9111AA3,35,Customer Support,Support Director,2,8130,7,No
EMP-06F5FB67,18,Customer Support,Support Specialist,4,3554,0,No
EMP-C4F1E786,55,Human Resources,HR Generalist,22,4514,11,No
EMP-493EC0A2,41,Customer Support,Customer Success Manager,1,9445,2,No
EMP-DCEDE24F,34,Human Resources,HR Generalist,3,4637,1,No
EMP-D86E77EB,26,Human Resources,HR Director,12,12054,8,No
EMP-E19EBC16,27,Engineering,Engineering Manager,26,10348,1,No
EMP-37503E2C,28,Research & Development,Research Director,1,9792,1,No
EMP-BDD16CFE,45,Customer Support,Support Director,16,7754,7,No
EMP-AE1A8C94,29,Customer Support,Support Specialist,33,3015,0,No
EMP-707C4924,35,Customer Support,Support Specialist,29,4338,2,No
EMP-D5A67CFB,55,Research & Development,Research Director,8,8990,1,No
EMP-D11CE69D,54,Customer Support,Support Director,1,10071,0,No
EMP-B2881237,27,Engineering,Engineering Manager,10,9451,1,No
EMP-5E452BB2,24,Sales,Regional Manager,7,9239,0,Yes
EMP-9D63C81A,34,Engineering,Software Engineer,1,4212,3,No
EMP-EA86CA9B,44,Human Resources,HR Business Partner,28,5941,7,No
EMP-19641689,28,Sales,Regional Manager,4,12289,10,No
EMP-C4232637,52,Engineering,Senior Software Engineer,2,8210,0,No
EMP-63BC2103,36,Research & Development,Manufacturing Director,5,10016,0,No
EMP-1C01B216,36,Research & Development,Research Director,21,9821,6,No
EMP-899BE269,40,Research & Development,Research Scientist,3,2547,0,Yes
EMP-C03EC033,35,Human Resources,HR Business Partner,5,7260,0,No
EMP-F5C3A140,47,Engineering,Senior Software Engineer,4,5640,15,No
EMP-8AD18FC4,40,Sales,Sales Executive,4,3725,0,Yes
EMP-1F476F4B,44,Research & Development,Laboratory Technician,16,2145,0,Yes
EMP-609D2184,43,Human Resources,HR Director,14,11391,2,No
EMP-FE5A08B0,31,Sales,Regional Manager,2,11194,6,No
EMP-D86D9735,41,Sales,Sales Executive,4,3938,12,No
EMP-142B8D55,34,Sales,Sales Representative,24,5642,2,No
EMP-7E8CA81E,35,Sales,Sales Representative,2,5999,1,No
EMP-7866AC6A,53,Sales,Sales Representative,9,3466,5,No
EMP-96C61768,36,Research & Development,Research Scientist,1,2000,8,Yes
EMP-722418CE,37,Customer Support,Support Specialist,1,4121,0,No
EMP-ABA73FF5,49,Customer Support,Support Director,15,11506,1,No
EMP-7EF389C3,45,Sales,Sales Executive,3,5288,3,No
EMP-18E31302,36,Human Resources,HR Business Partner,21,4613,2,No
EMP-6E564B42,41,Engineering,Engineering Manager,2,10977,4,No
EMP-6AFCF129,18,Engineering,Software Engineer,1,4178,0,Yes
EMP-3282624D,20,Research & Development,Research Scientist,25,3118,2,No
EMP-F800BC32,39,Engineering,Senior Software Engineer,12,7929,1,No
EMP-E26915E0,38,Customer Support,Support Specialist,17,4833,2,No
EMP-12E0AC21,40,Human Resources,HR Director,1,8784,3,No
EMP-614005FC,42,Human Resources,HR Director,38,8184,3,No
EMP-590BA7CC,38,Research & Development,Manufacturing Director,6,11216,13,No
EMP-D3C2ABA1,40,Research & Development,Manufacturing Director,3,9954,3,No
EMP-D9B06430,34,Human Resources,HR Business Partner,6,4218,8,Yes
EMP-E3B862E6,36,Customer Support,Support Specialist,1,5076,9,No
EMP-AD0FCDE0,42,Sales,Regional Manager,1,8245,2,No
EMP-7A6573AE,20,Research & Development,Manufacturing Director,23,8771,2,No
EMP-57776C3A,36,Human Resources,HR Director,9,9462,2,No
EMP-86ED9041,36,Human Resources,HR Director,1,9645,5,No
EMP-F7BDD42B,42,Research & Development,Research Director,1,9159,1,No
EMP-206C8A56,29,Engineering,Senior Software Engineer,9,6688,6,No
EMP-DD91CD5B,47,Research & Development,Manufacturing Director,9,8975,2,No
EMP-61B65E75,58,Research & Development,Research Director,1,11451,2,No
EMP-A35694AA,27,Engineering,Software Engineer,14,2000,3,No
EMP-53BB1602,36,Sales,Sales Representative,5,4362,7,No
EMP-BAEFBE6A,58,Engineering,Senior Software Engineer,1,8390,2,No
EMP-AFD9E572,44,Sales,Sales Executive,11,3582,2,No
EMP-17A18F93,50,Customer Support,Support Specialist,21,4186,0,No
EMP-073C7042,25,Customer Support,Support Director,1,8124,4,No
EMP-B6775AF4,34,Human Resources,HR Business Partner,13,7226,4,No
EMP-04818EFF,28,Sales,Regional Manager,12,9188,9,No
EMP-35EF2EC4,53,Engineering,Engineering Manager,1,10104,9,No
EMP-78E29779,56,Engineering,Software Engineer,35,4648,0,No
EMP-710D5A6F,48,Human Resources,HR Director,23,9211,3,Yes
EMP-BF676BC5,54,Research & Development,Research Scientist,17,4875,0,No
EMP-1000D64F,37,Research & Development,Research Director,5,11252,2,No
EMP-B5AD0F68,44,Human Resources,HR Business Partner,7,6016,15,No
EMP-215A86BD,43,Research & Development,Manufacturing Director,16,8622,5,No
EMP-00624FEC,50,Customer Support,Customer Success Manager,19,12016,8,No
EMP-CE778AFA,22,Research & Development,Laboratory Technician,20,3362,2,No
EMP-1AAC518C,31,Research & Development,Research Director,1,10555,3,No
EMP-EC4D2A9D,40,Customer Support,Support Specialist,3,3530,2,Yes
EMP-EA21A3D0,35,Sales,Regional Manager,15,9024,0,No
EMP-47A66379,44,Research & Development,Laboratory Technician,11,4278,8,No
EMP-5D6797A7,35,Research & Development,Manufacturing Director,22,9044,6,No
EMP-0066B1AE,51,Research & Development,Laboratory Technician,5,5429,0,No
EMP-16256924,44,Engineering,Engineering Manager,6,10881,11,No
EMP-889CF628,25,Sales,Sales Representative,20,2801,7,Yes
EMP-754C17D9,27,Customer Support,Support Specialist,2,4053,5,Yes
EMP-24104B71,49,Customer Support,Customer Success Manager,29,9146,8,No
EMP-FA5E3552,50,Engineering,Engineering Manager,4,8959,0,No
EMP-DC825307,37,Research & Development,Research Scientist,23,3533,1,Yes
EMP-BEE6EC94,36,Human Resources,HR Business Partner,24,5920,0,No
EMP-425D8972,20,Engineering,Software Engineer,1,4470,0,No
EMP-A3D843F4,37,Research & Development,Research Scientist,4,5932,2,No
EMP-5C9DC8B6,44,Human Resources,HR Director,3,10015,2,No
EMP-627D0DE6,53,Engineering,Software Engineer,6,5696,2,No
EMP-9CAB1521,54,Research & Development,Laboratory Technician,3,3428,0,Yes
EMP-F646BAC8,26,Human Resources,HR Generalist,1,2000,8,No
EMP-F655445D,48,Research & Development,Manufacturing Director,1,7388,0,No
EMP-0864A633,40,Engineering,Software Engineer,30,5063,22,Yes
EMP-E22923F9,23,Research & Development,Manufacturing Director,19,8490,5,No
EMP-D8303DE2,50,Engineering,Engineering Manager,15,10239,2,No
EMP-5F377EB0,50,Engineering,Engineering Manager,11,9922,0,No
EMP-C1BFAEBA,28,Customer Support,Customer Success Manager,2,9103,10,Yes
EMP-BB68AC9E,47,Customer Support,Support Specialist,7,2164,1,Yes
EMP-1F276BD4,33,Research & Development,Research Director,6,8847,1,No
EMP-E02448CC,37,Customer Support,Support Director,1,10384,6,No
EMP-5AC84495,49,Customer Support,Support Director,3,8025,4,No
EMP-CE2EC321,29,Sales,Sales Executive,6,2544,11,No
EMP-EE77C97B,37,Customer Support,Customer Success Manager,1,8271,2,No
EMP-82E591DD,41,Engineering,Engineering Manager,29,8410,23,No
EMP-DCC77227,51,Customer Support,Support Specialist,19,2000,0,No
EMP-6BD5ECFE,29,Human Resources,HR Generalist,2,6012,2,No
EMP-BA22B2ED,40,Human Resources,HR Business Partner,2,5429,1,Yes
EMP-69398FDC,65,Human Resources,HR Director,8,9298,2,No
EMP-622D372F,44,Research & Development,Manufacturing Director,1,8680,0,Yes
EMP-22B2FF34,28,Sales,Sales Executive,3,4808,3,No
EMP-D33974DF,55,Human Resources,HR Director,9,9079,5,No
EMP-4680A102,27,Engineering,Senior Software Engineer,3,7239,2,No
EMP-D4427A61,33,Human Resources,HR Director,1,10077,0,No
EMP-987D3D65,33,Human Resources,HR Director,7,9231,9,No
EMP-F24D03C4,29,Research & Development,Manufacturing Director,5,10442,3,No
EMP-9AD61153,42,Engineering,Software Engineer,24,4470,3,No
EMP-C5FFCE88,31,Engineering,Software Engineer,8,4403,1,Yes
EMP-BA7A818A,57,Sales,Sales Executive,2,2806,0,Yes
EMP-060F4E79,30,Engineering,Senior Software Engineer,43,5147,1,Yes
EMP-FA9BDA51,39,Engineering,Senior Software Engineer,19,4724,5,Yes
EMP-3AFCB9BB,43,Engineering,Software Engineer,12,2000,6,No
EMP-E5652BBC,46,Customer Support,Customer Success Manager,20,10047,4,No
EMP-85EB7492,57,Sales,Regional Manager,17,8456,0,No
EMP-E4F5F637,48,Sales,Sales Representative,2,3896,3,Yes
EMP-E968F3F5,35,Human Resources,HR Generalist,1,2803,2,No
EMP-C002F87B,33,Customer Support,Customer Success Manager,2,9112,3,No
EMP-7C6BB509,23,Customer Support,Support Specialist,14,4434,1,No
EMP-20DBEE29,40,Sales,Regional Manager,5,10328,7,No
EMP-7EC88938,32,Research & Development,Research Director,4,10646,13,No
EMP-C1DA6270,51,Research & Development,Research Director,14,9345,12,No
EMP-306E27C1,28,Human Resources,HR Generalist,8,4093,7,No
EMP-9703228F,38,Sales,Sales Representative,21,3805,5,No
EMP-F856C888,44,Sales,Sales Representative,21,3601,7,No
EMP-8F2A8845,27,Sales,Sales Representative,7,4201,2,No
EMP-2E8E94D6,44,Engineering,Senior Software Engineer,24,6897,0,No
EMP-C29AC53D,34,Human Resources,HR Director,1,9970,0,No
EMP-FC883DB1,52,Human Resources,HR Generalist,43,5696,2,No
EMP-5C5F1B1C,49,Engineering,Senior Software Engineer,17,4199,13,No
EMP-1583F165,34,Customer Support,Support Specialist,10,5602,9,No
EMP-45189809,22,Sales,Regional Manager,1,9540,0,No
EMP-70726C83,32,Sales,Regional Manager,2,9997,1,Yes
EMP-2E5978E0,18,Customer Support,Customer Success Manager,11,11066,0,Yes
EMP-9A2C8DAD,37,Human Resources,HR Generalist,4,2719,1,Yes
EMP-3D808586,30,Engineering,Software Engineer,1,4439,12,Yes
EMP-A5A97F85,30,Research & Development,Research Scientist,12,6095,7,No
EMP-2024AEE9,36,Engineering,Senior Software Engineer,5,7817,0,No
EMP-180BAC7A,39,Research & Development,Laboratory Technician,2,4842,12,No
EMP-1C9821ED,44,Engineering,Engineering Manager,17,9029,1,No
EMP-A2D9C529,45,Human Resources,HR Director,1,9127,0,No
EMP-14A13A17,22,Human Resources,HR Director,11,9351,4,Yes
EMP-A52B73F5,26,Human Resources,HR Director,15,9088,2,Yes
EMP-5E68C963,37,Engineering,Senior Software Engineer,1,4911,0,No
EMP-CB1D4BE5,43,Customer Support,Support Director,25,9114,8,No
EMP-DF5218D7,25,Engineering,Senior Software Engineer,7,4928,6,No
EMP-BAA30346,39,Engineering,Engineering Manager,17,9300,9,No
EMP-418F43F1,40,Sales,Regional Manager,7,9737,12,No
EMP-8060516F,28,Engineering,Engineering Manager,7,8865,3,No
EMP-9017D8A7,46,Research & Development,Research Director,1,8603,1,No
EMP-2A700EAA,53,Customer Support,Support Specialist,1,2296,9,No
EMP-3975FC34,46,Engineering,Software Engineer,6,3875,1,No
EMP-1D791FDE,28,Engineering,Senior Software Engineer,4,6095,4,No
EMP-F407970C,29,Research & Development,Manufacturing Director,14,8936,11,No
EMP-0BA890D2,34,Customer Support,Customer Success Manager,27,10488,1,No
EMP-0B6D2C5D,31,Sales,Regional Manager,2,9875,7,Yes
EMP-EAB0C85F,45,Sales,Regional Manager,5,9662,10,Yes
EMP-32B6735B,41,Engineering,Senior Software Engineer,32,5951,1,Yes
EMP-D2B48C90,43,Customer Support,Customer Success Manager,1,8100,9,No
EMP-CD632EA2,52,Customer Support,Support Specialist,19,2000,18,No
EMP-A865F575,31,Sales,Sales Executive,13,3886,4,No
EMP-146538CC,19,Engineering,Software Engineer,6,3390,1,No
EMP-E1C8EEBF,40,Engineering,Software Engineer,20,5908,3,Yes
EMP-02C7D55E,43,Human Resources,HR Business Partner,8,5477,1,No
EMP-E2FE9109,23,Engineering,Engineering Manager,18,11154,3,No
EMP-9A0289A4,33,Human Resources,HR Business Partner,5,6322,15,No
EMP-545467CF,33,Research & Development,Research Scientist,3,4470,2,Yes
EMP-2697E24D,50,Customer Support,Customer Success Manager,13,10472,3,No
EMP-E3093B12,35,Sales,Sales Representative,1,5587,4,No
EMP-7105C08A,56,Sales,Sales Representative,26,5188,2,Yes
EMP-EFF92889,33,Research & Development,Research Director,6,10594,2,No
EMP-D99A530F,47,Engineering,Engineering Manager,2,9300,3,No
EMP-047F7E86,56,Customer Support,Support Director,1,11028,1,No
EMP-221A98F5,35,Customer Support,Support Director,9,9114,4,No
EMP-1374C2DE,47,Engineering,Senior Software Engineer,3,8606,1,Yes
EMP-6C2188F9,26,Research & Development,Laboratory Technician,1,4530,8,No
EMP-3008D8ED,46,Sales,Regional Manager,5,11078,1,No
EMP-5968B68A,46,Sales,Sales Executive,14,3438,1,No
EMP-89B682D3,25,Research & Development,Research Scientist,1,3638,6,No
EMP-428BC08E,45,Customer Support,Support Specialist,54,3317,0,Yes
EMP-5E3D5D80,52,Engineering,Software Engineer,15,3849,7,No
EMP-36AB4D85,31,Sales,Sales Executive,9,2000,13,Yes
EMP-E2FBC686,43,Research & Development,Research Director,3,9328,22,No
EMP-719A8A2F,33,Engineering,Software Engineer,9,6410,1,No
EMP-0FD3A42A,32,Customer Support,Support Specialist,1,3597,2,Yes
EMP-5F1318CD,43,Customer Support,Customer Success Manager,1,11268,9,Yes
EMP-06237CBF,42,Sales,Sales Executive,11,4124,0,No
EMP-B0D28A16,59,Engineering,Senior Software Engineer,1,5543,0,No
EMP-10ABEBA3,34,Customer Support,Support Director,5,8926,3,No
EMP-36D71658,42,Human Resources,HR Generalist,9,2985,1,No
EMP-E5D77831,27,Engineering,Engineering Manager,4,9193,4,No
EMP-59AD0B33,22,Customer Support,Support Director,4,9923,4,No
EMP-5E37617D,42,Engineering,Software Engineer,8,4697,2,No
EMP-C9224201,46,Customer Support,Support Specialist,1,3625,22,No
EMP-0880468B,50,Human Resources,HR Director,1,10963,4,Yes
EMP-68E2EB5A,28,Engineering,Senior Software Engineer,3,5954,10,Yes
EMP-383CE902,18,Customer Support,Support Director,1,11122,0,No
EMP-43078D05,46,Engineering,Software Engineer,7,5829,2,Yes
EMP-8FAFD5C3,23,Research & Development,Research Director,28,10198,4,No
EMP-D5AB7DF0,33,Research & Development,Research Scientist,16,2000,0,No
EMP-5945D70D,48,Human Resources,HR Director,3,8193,7,No
EMP-C73DAA00,41,Engineering,Software Engineer,1,3388,0,No
EMP-2E9A4C76,39,Engineering,Senior Software Engineer,4,7070,1,No
EMP-DD4C5D29,39,Human Resources,HR Business Partner,47,8881,20,No
EMP-3AE8A378,29,Research & Development,Research Scientist,6,6448,5,No
EMP-C6E79CED,35,Sales,Regional Manager,1,8769,0,No
EMP-5D71C13A,37,Research & Development,Research Scientist,15,2311,3,Yes
EMP-339E153E,31,Engineering,Software Engineer,7,3711,1,No
EMP-224022B7,40,Engineering,Senior Software Engineer,1,6076,1,No
EMP-3DBB4DBE,43,Customer Support,Support Specialist,14,3965,11,No
EMP-F717713A,49,Human Resources,HR Business Partner,14,6812,3,No
EMP-A964054B,42,Research & Development,Research Scientist,3,5565,4,No
EMP-DB31FE74,51,Customer Support,Support Specialist,40,4162,2,No
EMP-9E4B25E6,34,Human Resources,HR Business Partner,14,6272,2,Yes
EMP-9AA9BBA6,36,Research & Development,Laboratory Technician,9,3540,0,No
EMP-7B6F4428,39,Engineering,Senior Software Engineer,4,6466,2,No
EMP-7E25C483,44,Human Resources,HR Generalist,11,5781,2,No
EMP-01E64987,40,Customer Support,Customer Success Manager,2,9591,2,No
EMP-25C761E9,47,Customer Support,Support Director,14,8669,1,No
EMP-17ADB43E,19,Sales,Sales Representative,44,2171,1,No
EMP-3B73967D,42,Sales,Sales Executive,6,3637,4,No
EMP-4F358D7D,35,Customer Support,Support Specialist,28,3043,4,No
EMP-2AC550EE,50,Sales,Regional Manager,24,7812,1,Yes
EMP-A3E4D6EC,43,Sales,Sales Executive,1,4007,6,No
EMP-FF87DCB9,53,Research & Development,Manufacturing Director,4,10791,1,No
EMP-85A2EC7D,27,Customer Support,Customer Success Manager,5,10413,1,No
EMP-AD0F0D97,42,Sales,Sales Executive,1,3920,4,No
EMP-7F89343D,43,Human Resources,HR Generalist,15,3264,0,Yes
EMP-01D36B52,39,Research & Development,Research Director,21,9628,15,No
EMP-5908FBD1,30,Sales,Sales Executive,2,3640,3,No
EMP-71216A11,33,Engineering,Senior Software Engineer,10,6465,1,No
EMP-8951DB72,50,Research & Development,Laboratory Technician,6,2505,8,No
EMP-22C81029,42,Engineering,Senior Software Engineer,1,5404,1,No
EMP-8AC40B6B,47,Research & Development,Research Scientist,2,4487,1,No
EMP-F1F2B8CF,23,Customer Support,Customer Success Manager,16,9825,5,No
EMP-54FAD024,36,Research & Development,Research Director,14,8211,2,No
EMP-380327A6,33,Engineering,Senior Software Engineer,9,6172,0,No
EMP-22284DF7,33,Customer Support,Support Director,3,10856,9,No
EMP-E85A05ED,36,Sales,Sales Representative,4,3338,1,Yes
EMP-D67E6868,39,Sales,Regional Manager,1,9990,6,No
EMP-C2FA0F98,47,Sales,Sales Executive,3,4076,4,No
EMP-418E6F03,18,Engineering,Software Engineer,6,4340,0,No
EMP-A45171CA,34,Engineering,Software Engineer,31,5904,1,No
EMP-73691057,41,Research & Development,Laboratory Technician,10,4199,10,No
EMP-1D8E33D6,33,Customer Support,Customer Success Manager,9,10885,0,No
EMP-27576EE2,22,Customer Support,Customer Success Manager,13,9844,3,No
EMP-D4768E3D,22,Human Resources,HR Business Partner,60,5278,0,Yes
EMP-C116038F,46,Human Resources,HR Director,2,10002,17,No
EMP-573812EF,39,Research & Development,Research Director,15,8452,2,No
EMP-D9A87F6B,37,Research & Development,Research Director,1,10050,3,No
EMP-2BFF44FD,47,Engineering,Software Engineer,6,4603,4,No
EMP-D86E8093,46,Sales,Sales Executive,42,2426,0,No
EMP-2DB5E355,39,Engineering,Engineering Manager,2,10771,15,No
EMP-E0383FAC,18,Research & Development,Manufacturing Director,2,9354,0,No
EMP-D4A71573,41,Customer Support,Support Director,24,10944,1,No
EMP-F4227686,39,Human Resources,HR Director,11,9602,1,Yes
EMP-51DD2FC1,40,Sales,Regional Manager,1,10073,8,No
EMP-F3D91D00,29,Research & Development,Manufacturing Director,2,9048,3,No
EMP-1E7825F4,21,Customer Support,Support Specialist,1,3279,3,No
EMP-50339959,27,Human Resources,HR Business Partner,2,5022,0,No
EMP-7EB574EC,59,Human Resources,HR Generalist,12,5265,5,Yes
EMP-2C325977,28,Sales,Sales Representative,11,2533,2,Yes
EMP-6522778F,32,Sales,Sales Representative,3,2498,0,No
EMP-0659C5B9,40,Research & Development,Research Scientist,2,4301,0,No
EMP-51143006,29,Human Resources,HR Director,4,10422,0,No
EMP-486E2E64,44,Customer Support,Support Director,16,8829,1,Yes
EMP-727CC651,29,Engineering,Engineering Manager,1,9138,11,No
EMP-4E9D6298,43,Sales,Sales Representative,14,6464,9,No
EMP-1819652B,43,Research & Development,Manufacturing Director,4,8312,20,No
EMP-B26A892B,41,Research & Development,Research Director,2,9739,9,No
EMP-7F474AED,38,Sales,Sales Executive,15,2526,2,Yes
EMP-740E75F1,41,Research & Development,Research Director,5,9574,4,No
EMP-9BB24D87,26,Sales,Sales Representative,1,6055,4,No
EMP-3A3A9B24,26,Engineering,Engineering Manager,2,10137,5,No
EMP-6E04F3E0,36,Engineering,Senior Software Engineer,1,5597,4,No
EMP-FD149B25,50,Engineering,Senior Software Engineer,2,7098,0,No
EMP-8B99CE6C,36,Engineering,Engineering Manager,29,8666,1,No
EMP-5AA3DB84,33,Research & Development,Research Scientist,9,3675,5,No
EMP-7513383E,47,Engineering,Engineering Manager,6,10043,0,No
EMP-BE07191F,47,Customer Support,Support Director,9,8090,3,Yes
EMP-63B43908,48,Research & Development,Research Director,21,11296,4,No
EMP-377FFD2E,30,Research & Development,Manufacturing Director,11,10555,11,No
EMP-1D9D0CA1,51,Sales,Regional Manager,12,8953,0,No
EMP-BE5DF035,27,Sales,Sales Executive,34,4272,8,No
EMP-83F4AB9F,20,Human Resources,HR Generalist,1,5256,2,No
EMP-B9A3E589,29,Sales,Sales Representative,16,3718,11,No
EMP-33DE49B5,44,Human Resources,HR Business Partner,2,6657,1,No
EMP-E0F91F39,44,Sales,Sales Executive,29,3133,6,Yes
EMP-4912EF8D,41,Customer Support,Customer Success Manager,4,10629,2,Yes
EMP-66E87772,32,Human Resources,HR Business Partner,8,8161,4,No
EMP-3C4C1499,36,Engineering,Software Engineer,6,2000,2,Yes
EMP-4570E427,36,Human Resources,HR Generalist,9,5560,11,No
EMP-16C3CE33,29,Engineering,Senior Software Engineer,24,4847,5,No
EMP-3B5EF5CD,41,Customer Support,Customer Success Manager,13,8358,9,No
EMP-9F1256D5,27,Engineering,Senior Software Engineer,4,5058,9,No
EMP-1A486C9B,53,Customer Support,Support Specialist,6,4601,0,No
EMP-10F94AE1,38,Customer Support,Support Director,12,8725,1,No
EMP-3DAC5972,46,Engineering,Engineering Manager,5,10324,6,No
EMP-499061AA,54,Human Resources,HR Generalist,14,2918,24,No
EMP-7423B05F,27,Customer Support,Customer Success Manager,1,7488,1,No
EMP-92DB7425,43,Engineering,Senior Software Engineer,5,6292,0,No
EMP-6728C871,34,Engineering,Engineering Manager,3,7468,1,No
EMP-7CDEFB8C,52,Sales,Sales Executive,3,4229,4,No
EMP-CA948426,49,Customer Support,Support Director,5,11161,2,No
EMP-40746AAB,42,Human Resources,HR Director,3,10373,0,No
EMP-B707AD0A,32,Customer Support,Support Specialist,4,4132,6,No
EMP-C467D01B,48,Customer Support,Support Director,13,8661,1,No
EMP-B789FFE9,47,Sales,Regional Manager,5,10621,1,No
EMP-6807D3F5,46,Engineering,Engineering Manager,10,9649,0,No
EMP-35EB5AA4,30,Sales,Regional Manager,8,11753,6,No
EMP-88B054C5,51,Research & Development,Laboratory Technician,12,4077,4,No
EMP-51FBED13,40,Research & Development,Research Scientist,27,3693,0,No
EMP-4069BF07,20,Customer Support,Customer Success Manager,14,9500,2,Yes
EMP-4735AC5B,43,Customer Support,Support Director,6,8950,1,No
EMP-4C59FA19,34,Customer Support,Support Specialist,10,3624,3,No
EMP-A543CCBF,39,Sales,Sales Representative,12,3739,0,No
EMP-A5483033,29,Engineering,Software Engineer,23,4144,11,No
EMP-952C9FD1,42,Human Resources,HR Business Partner,16,6251,8,No
EMP-6539B63E,20,Sales,Sales Executive,2,4764,1,No
EMP-DB606F85,26,Human Resources,HR Generalist,2,4520,3,No
EMP-7E9C4DDD,42,Sales,Sales Executive,25,2272,6,No
EMP-0F6B26E6,46,Engineering,Engineering Manager,6,11738,1,Yes
EMP-C6E8DE32,35,Customer Support,Customer Success Manager,1,10120,6,No
EMP-52192A3B,33,Sales,Sales Representative,1,2660,0,No
EMP-029BD50E,47,Human Resources,HR Generalist,4,4551,10,No
EMP-C683133B,31,Human Resources,HR Business Partner,1,4706,4,No
EMP-AD4BBA6F,56,Sales,Sales Executive,14,2430,3,Yes
EMP-7543658A,43,Customer Support,Support Director,3,9810,2,No
EMP-E7DFD4E2,45,Customer Support,Support Director,1,11407,2,No
EMP-8C45AB97,18,Sales,Sales Representative,1,2823,0,Yes
EMP-DD92651D,36,Engineering,Engineering Manager,11,11518,11,No
EMP-0D10738D,33,Engineering,Software Engineer,7,3300,8,No
EMP-2A738ED9,18,Research & Development,Laboratory Technician,3,3191,0,Yes
EMP-B8BAE69E,43,Customer Support,Support Director,17,9471,3,Yes
EMP-BCF0DA57,31,Customer Support,Support Director,8,11837,0,No
EMP-8E21C0B8,35,Human Resources,HR Director,16,9748,8,No
EMP-AD3F82CE,30,Sales,Regional Manager,6,8252,4,No
EMP-2A599E6C,44,Research & Development,Manufacturing Director,3,7670,0,No
EMP-F89768C1,42,Research & Development,Research Scientist,1,2000,4,No
EMP-83DB59DC,41,Engineering,Engineering Manager,27,8356,1,No
EMP-FDD221A1,29,Sales,Sales Representative,4,3671,0,No
EMP-1A5A37EC,26,Customer Support,Customer Success Manager,3,7400,5,No
EMP-D6C31FF7,36,Research & Development,Laboratory Technician,2,4903,1,Yes
EMP-4B77EBA4,40,Engineering,Senior Software Engineer,6,7341,0,No
EMP-BD8EA8AE,20,Engineering,Senior Software Engineer,28,5528,2,No
EMP-1E71C61E,38,Research & Development,Manufacturing Director,2,8574,2,Yes
EMP-C1C0A996,38,Customer Support,Support Director,4,10866,1,Yes
EMP-E961FECB,43,Sales,Sales Representative,6,5454,1,No
EMP-FCA35F84,40,Research & Development,Manufacturing Director,7,9477,2,No
EMP-CD5FD300,53,Research & Development,Manufacturing Director,4,9739,0,No
EMP-4E70F513,55,Human Resources,HR Director,12,10691,10,No
EMP-BDAB446B,31,Engineering,Senior Software Engineer,31,5759,2,Yes
EMP-B3C82355,53,Human Resources,HR Business Partner,7,7342,1,No
EMP-4D2832DE,45,Customer Support,Customer Success Manager,8,10342,3,Yes
EMP-CECA252C,25,Research & Development,Laboratory Technician,30,2700,7,No
EMP-B170D214,40,Sales,Sales Executive,1,6540,19,No
EMP-3B684A45,29,Engineering,Engineering Manager,6,9281,10,No
EMP-632C4223,34,Engineering,Senior Software Engineer,1,6678,9,No
EMP-5E068428,40,Sales,Regional Manager,8,10836,8,Yes
EMP-10A83B90,40,Engineering,Engineering Manager,8,9856,17,No
EMP-D104F354,37,Engineering,Engineering Manager,4,11035,4,No
EMP-28206272,38,Research & Development,Laboratory Technician,20,3173,1,Yes
EMP-84545C35,44,Human Resources,HR Generalist,5,3865,2,No
EMP-9ACA1803,46,Research & Development,Laboratory Technician,9,2000,8,No
EMP-9C714DBD,51,Human Resources,HR Generalist,7,3761,2,Yes
EMP-5FD04CC2,50,Customer Support,Support Director,8,10709,0,No
EMP-CD1CF006,32,Research & Development,Research Scientist,3,3016,5,No
EMP-7A01528A,29,Human Resources,HR Generalist,7,2675,1,Yes
EMP-25DC0AD2,49,Customer Support,Support Specialist,9,3778,1,Yes
EMP-233B58BA,54,Engineering,Software Engineer,36,3224,11,No
EMP-DC499A5B,33,Customer Support,Support Director,1,10218,1,No
EMP-93F169A9,54,Customer Support,Support Specialist,9,3376,1,No
EMP-ADDA2D9B,45,Customer Support,Support Director,16,9607,1,No
EMP-D2CFB015,43,Customer Support,Support Specialist,2,3077,3,Yes
EMP-4770967E,44,Research & Development,Laboratory Technician,28,3685,0,Yes
EMP-1A0AE45F,33,Customer Support,Support Specialist,23,3960,3,No
EMP-D68487CD,43,Human Resources,HR Generalist,11,3812,10,No
EMP-607E4321,33,Sales,Regional Manager,36,9450,0,No
EMP-E154B156,36,Customer Support,Customer Success Manager,1,10206,5,No
EMP-6C33416A,34,Engineering,Software Engineer,8,3531,5,No
EMP-8C09E01C,30,Sales,Sales Representative,31,4685,5,No
EMP-5DF16A4A,39,Engineering,Senior Software Engineer,5,7427,18,No
EMP-D46B2E38,48,Customer Support,Customer Success Manager,30,9879,5,No
EMP-42943ED6,37,Customer Support,Support Specialist,1,4011,1,No
EMP-337D2399,32,Research & Development,Laboratory Technician,3,3098,2,Yes
EMP-648AC80F,29,Engineering,Engineering Manager,1,9390,5,No
EMP-CB3D36D9,18,Sales,Sales Representative,10,5889,0,Yes
EMP-1A884291,57,Sales,Regional Manager,30,8427,9,No
EMP-EE4DE49C,56,Research & Development,Research Director,1,8441,4,No
EMP-A48997A3,38,Research & Development,Research Scientist,26,4463,2,Yes
EMP-150BE5A1,38,Human Resources,HR Generalist,3,3373,0,No
EMP-CA80558E,32,Sales,Sales Executive,15,4973,1,No
EMP-40973DA4,50,Sales,Regional Manager,9,7597,4,No
EMP-4816CF71,40,Human Resources,HR Business Partner,5,6718,9,No
EMP-46134088,39,Engineering,Software Engineer,30,2422,4,No
EMP-E8AD3F37,43,Sales,Sales Representative,18,5278,14,No
EMP-CB480D73,30,Research & Development,Laboratory Technician,6,3360,6,No
EMP-443B4112,40,Customer Support,Customer Success Manager,11,9519,2,No
EMP-B5D08703,32,Engineering,Engineering Manager,1,8247,0,Yes
EMP-E92A0E04,33,Sales,Sales Executive,2,2000,1,No
EMP-227061FE,44,Sales,Sales Executive,12,3191,5,Yes
EMP-CFAE922C,45,Engineering,Software Engineer,34,3741,0,No
EMP-18D28B19,39,Engineering,Software Engineer,1,2170,2,Yes
EMP-A12527E4,44,Sales,Regional Manager,4,12687,3,Yes
EMP-26F7F169,34,Engineering,Senior Software Engineer,1,6146,4,Yes
EMP-FC0CE4DF,40,Engineering,Software Engineer,12,2508,1,No
EMP-59825403,27,Customer Support,Support Specialist,9,4645,2,No
EMP-F2B45998,30,Engineering,Senior Software Engineer,1,5731,6,No
EMP-AD1465B2,39,Customer Support,Support Specialist,12,4690,7,No
EMP-A0DD73A1,36,Sales,Sales Representative,24,3824,0,No
EMP-AFCC635F,61,Customer Support,Support Specialist,7,5139,0,Yes
EMP-B4CC2234,34,Sales,Regional Manager,5,9437,1,No
EMP-7B80C295,56,Customer Support,Support Specialist,7,4694,2,No
EMP-8FF3687E,48,Research & Development,Manufacturing Director,2,9168,6,No
EMP-DAE0E732,33,Engineering,Engineering Manager,3,11398,3,No
EMP-B25E8B63,37,Research & Development,Research Scientist,7,3905,9,No
EMP-CAC17A74,33,Sales,Sales Executive,1,5254,4,No
EMP-A03B479F,49,Customer Support,Customer Success Manager,55,9832,3,No
EMP-C6BCCA7A,27,Human Resources,HR Business Partner,1,5366,3,No
EMP-2CFF9059,50,Customer Support,Support Specialist,7,4260,12,No
EMP-390E20E5,48,Human Resources,HR Director,1,10077,9,No
EMP-6E3A239D,28,Human Resources,HR Generalist,2,4608,10,No
EMP-0D77C4CB,37,Research & Development,Laboratory Technician,3,3397,5,Yes
EMP-94BC2300,33,Customer Support,Support Specialist,5,5233,15,No
EMP-3384B2FC,40,Research & Development,Research Scientist,5,4215,1,No
EMP-DD9B67F2,54,Research & Development,Laboratory Technician,1,3208,1,No
EMP-EA7AD7C9,37,Engineering,Engineering Manager,17,8900,0,No
EMP-B4B7E633,42,Engineering,Engineering Manager,2,9836,5,No
EMP-83D26701,34,Customer Support,Support Director,1,9329,6,No
EMP-E7C07F84,47,Customer Support,Customer Success Manager,4,11023,0,No
EMP-147E6188,32,Research & Development,Laboratory Technician,13,7158,2,No
EMP-A53F3229,25,Sales,Sales Representative,2,2812,1,Yes
EMP-D3D64C9E,35,Sales,Regional Manager,1,8749,1,No
EMP-EC4F3ADE,29,Research & Development,Research Director,11,10990,6,No
EMP-1C1ABAA3,43,Research & Development,Research Director,1,9711,6,No
EMP-B00C2C61,33,Human Resources,HR Director,1,8456,4,No
EMP-A5442FE3,28,Engineering,Software Engineer,7,5383,5,No
EMP-F8B638C3,49,Sales,Sales Representative,14,3704,0,Yes
EMP-50FFD7FA,24,Human Resources,HR Generalist,8,4734,6,No
EMP-66C68298,35,Research & Development,Manufacturing Director,3,10754,1,No
EMP-0668204D,27,Customer Support,Customer Success Manager,7,9701,0,Yes
EMP-C9920A38,27,Sales,Sales Executive,35,3178,6,Yes
EMP-6B165344,30,Research & Development,Research Scientist,7,3687,1,No
EMP-671CC252,50,Research & Development,Manufacturing Director,9,9762,5,No
EMP-483E60DB,45,Research & Development,Research Scientist,26,4089,3,Yes
EMP-AE82AD3B,34,Research & Development,Manufacturing Director,2,7340,5,No
EMP-7B1F717E,28,Sales,Regional Manager,2,9600,3,No
EMP-17FAA243,39,Sales,Sales Representative,11,5159,2,No
EMP-4E2683DF,22,Human Resources,HR Business Partner,10,8540,0,No
EMP-29F1ED96,19,Human Resources,HR Director,3,9525,1,Yes
EMP-F3243B63,32,Customer Support,Support Director,7,8464,9,No
EMP-E7CD4D38,53,Sales,Sales Executive,19,3368,1,Yes
EMP-466D767C,21,Research & Development,Research Scientist,17,2543,0,Yes
EMP-6C130072,48,Engineering,Engineering Manager,8,8193,2,No
EMP-03948752,24,Customer Support,Customer Success Manager,5,9820,3,No
EMP-4CC758FE,35,Research & Development,Laboratory Technician,20,4538,5,No
EMP-C82FD38C,34,Customer Support,Support Specialist,2,4855,2,No
EMP-53892E70,25,Human Resources,HR Generalist,3,2245,4,No
EMP-08218B3B,40,Sales,Regional Manager,16,9280,3,No
EMP-6689BCC2,33,Research & Development,Research Director,1,10333,4,No
EMP-B3FD1339,60,Sales,Sales Representative,22,2270,17,No
EMP-65D7279B,50,Customer Support,Support Specialist,1,4787,0,Yes
EMP-33BC73DF,33,Engineering,Engineering Manager,5,11555,1,No
EMP-993A9816,25,Human Resources,HR Business Partner,9,6494,0,No
EMP-4C4B5117,36,Research & Development,Manufacturing Director,2,9024,10,No
EMP-CB412318,27,Customer Support,Support Director,1,12961,0,No
EMP-6891D62F,33,Engineering,Senior Software Engineer,3,3338,2,Yes
EMP-A8D50149,46,Engineering,Engineering Manager,2,9985,9,No
EMP-26FF530B,35,Customer Support,Support Director,1,9154,0,Yes
EMP-052522A3,37,Research & Development,Research Scientist,1,5002,16,No
EMP-2A64AFE8,41,Research & Development,Research Director,27,10200,1,Yes
EMP-A3831511,42,Engineering,Senior Software Engineer,20,7061,7,No
EMP-03F42EC7,49,Human Resources,HR Business Partner,3,5201,1,No
EMP-E212AE71,39,Research & Development,Laboratory Technician,4,2000,16,No
EMP-C03FC71D,49,Customer Support,Customer Success Manager,19,8793,2,No
EMP-72332B0C,51,Sales,Sales Representative,24,3183,7,No
EMP-4E591A9A,41,Human Resources,HR Business Partner,4,5684,4,No
EMP-8D865991,33,Engineering,Senior Software Engineer,15,6537,4,No
EMP-D1942E7E,49,Engineering,Senior Software Engineer,1,5657,0,No
EMP-881654E1,50,Sales,Sales Executive,10,3143,4,No
EMP-E30AE562,50,Human Resources,HR Director,2,9726,2,Yes
EMP-19D8CF23,41,Sales,Sales Representative,2,2661,2,No
EMP-062D88ED,33,Customer Support,Support Director,1,9566,5,No
EMP-91F1BB43,48,Human Resources,HR Generalist,11,3750,0,Yes
EMP-9802BFA1,30,Sales,Sales Representative,15,4271,12,Yes
EMP-DF9FCF01,57,Research & Development,Manufacturing Director,2,10002,2,Yes
EMP-BE3B5492,35,Human Resources,HR Business Partner,3,6281,2,No
EMP-A226588F,29,Human Resources,HR Generalist,26,5745,0,No
EMP-1A7F94F8,52,Research & Development,Manufacturing Director,2,8536,5,Yes
EMP-4FB1F4D2,52,Human Resources,HR Business Partner,4,6294,4,No
EMP-9255B611,44,Engineering,Senior Software Engineer,13,5990,6,No
EMP-913D8B2D,38,Sales,Sales Representative,6,3279,13,No
EMP-199B153A,29,Research & Development,Research Director,5,8495,1,No
EMP-4786A2F3,49,Research & Development,Research Director,17,9813,1,No
EMP-5E9B4359,29,Customer Support,Support Director,24,9714,2,No
EMP-7B9FB0E0,22,Engineering,Senior Software Engineer,6,4979,1,No
EMP-6F2639FF,50,Human Resources,HR Generalist,17,3393,1,No
EMP-3001979D,48,Engineering,Software Engineer,1,3893,10,No
EMP-D1F52ABA,44,Customer Support,Support Specialist,8,2707,4,No
EMP-6685F38A,43,Customer Support,Support Specialist,16,2000,1,Yes
EMP-3E3F4298,33,Sales,Sales Representative,2,5526,7,No
EMP-F6AC76BC,38,Human Resources,HR Business Partner,1,4927,2,No
EMP-A115F668,49,Engineering,Engineering Manager,5,12139,2,No
EMP-E9541FF1,35,Customer Support,Customer Success Manager,30,7777,9,No
EMP-C6E0DEA2,38,Sales,Regional Manager,7,10498,7,No
EMP-00F0C157,36,Research & Development,Research Scientist,34,2000,5,No
EMP-1155591E,44,Human Resources,HR Director,3,8749,0,No
EMP-1F8A3896,33,Customer Support,Support Director,25,7826,10,No
EMP-FC63B91C,18,Engineering,Senior Software Engineer,8,4669,0,Yes
EMP-28BFB33D,32,Engineering,Software Engineer,6,3354,3,No
EMP-A99BE869,53,Research & Development,Research Director,2,8399,2,Yes
EMP-A50884D7,47,Customer Support,Customer Success Manager,3,9772,0,No
EMP-99FBCBA8,54,Human Resources,HR Generalist,1,3912,2,Yes
EMP-1A788A8B,19,Customer Support,Support Specialist,18,3807,1,Yes
EMP-985896D7,18,Customer Support,Customer Success Manager,6,8249,0,Yes
EMP-F7D46362,36,Research & Development,Laboratory Technician,1,3853,5,No
EMP-DCA9896C,47,Engineering,Senior Software Engineer,13,6520,2,Yes
EMP-503ECCE7,53,Human Resources,HR Director,7,10719,3,No
EMP-53339639,45,Engineering,Software Engineer,10,6407,4,No
EMP-FC777CEA,46,Sales,Sales Executive,7,5618,5,No
EMP-40F0875A,22,Engineering,Senior Software Engineer,1,5631,4,No
EMP-25A52836,41,Sales,Sales Executive,4,4089,2,No
EMP-954B8319,30,Engineering,Engineering Manager,9,10569,5,Yes
EMP-32664F04,48,Research & Development,Research Scientist,5,3903,1,No
EMP-65DCA573,35,Human Resources,HR Business Partner,35,5403,4,No
EMP-6A308A15,46,Engineering,Software Engineer,6,3666,1,No
EMP-4DD7241D,38,Human Resources,HR Director,15,11067,0,Yes
EMP-68B6095F,40,Engineering,Senior Software Engineer,3,6052,7,No
EMP-96BCEC5F,32,Research & Development,Research Director,14,9585,0,Yes
EMP-A26B903B,30,Engineering,Engineering Manager,29,9871,1,No
EMP-62F16A75,33,Customer Support,Customer Success Manager,29,9193,6,No
EMP-8B1EC6E1,37,Engineering,Senior Software Engineer,6,8046,0,No
EMP-FB45025D,22,Sales,Regional Manager,37,10046,4,Yes
EMP-5738BBA8,26,Engineering,Senior Software Engineer,15,5666,0,No
EMP-F44F4A10,32,Human Resources,HR Business Partner,8,5285,7,No
EMP-AAF3E29F,32,Research & Development,Research Director,6,9298,6,No
EMP-7A8725F7,31,Customer Support,Support Director,29,8778,13,No
EMP-CC734EEA,32,Engineering,Engineering Manager,4,8886,1,Yes
EMP-34E6E77E,29,Customer Support,Support Specialist,24,4709,8,No
EMP-C2089009,34,Sales,Sales Executive,10,3751,5,No
EMP-1F8B09BD,35,Research & Development,Manufacturing Director,49,8842,5,No
EMP-B400512B,29,Customer Support,Customer Success Manager,1,10431,1,No
EMP-0B5B48D5,29,Sales,Regional Manager,2,8676,4,No
EMP-B4C31A7B,47,Research & Development,Research Director,2,8959,3,No
EMP-891738BC,37,Customer Support,Support Specialist,1,3606,19,No
EMP-CCB6C58C,37,Sales,Sales Executive,1,5766,4,No
EMP-310B809D,30,Human Resources,HR Business Partner,8,6714,8,No
EMP-5FFCECBE,44,Human Resources,HR Generalist,21,4731,13,No
EMP-06D5A177,52,Engineering,Software Engineer,15,2000,5,Yes
EMP-D502E650,24,Engineering,Senior Software Engineer,3,4937,1,No
EMP-47D82D7A,33,Engineering,Software Engineer,13,4291,5,No
EMP-675EB1DA,29,Sales,Sales Representative,9,2986,7,Yes
EMP-A3FBFD65,38,Research & Development,Manufacturing Director,23,10168,8,No
EMP-4CF4BF7E,37,Engineering,Senior Software Engineer,16,6629,0,No
EMP-DD572A57,22,Sales,Regional Manager,3,8774,0,No
EMP-EA01B2D9,28,Engineering,Software Engineer,8,3359,1,No
EMP-19BB9933,37,Human Resources,HR Generalist,10,2000,0,Yes
EMP-2EF010B7,32,Sales,Regional Manager,36,8763,2,Yes
EMP-1B5CC466,23,Human Resources,HR Generalist,6,4660,0,No
EMP-7B3A6711,37,Engineering,Software Engineer,5,3367,0,Yes
EMP-B6441A86,54,Sales,Regional Manager,32,7965,8,No
EMP-02A0F30F,54,Engineering,Senior Software Engineer,1,5688,3,No
EMP-CAC30821,30,Sales,Regional Manager,5,8996,0,No
EMP-88902B63,33,Engineering,Engineering Manager,7,11820,0,Yes
EMP-37784F54,40,Customer Support,Support Director,42,8315,0,No
EMP-09CEA833,44,Sales,Sales Representative,1,3522,10,No
EMP-16FD6B7C,18,Engineering,Software Engineer,3,4791,0,No
EMP-056FF50B,44,Sales,Sales Representative,12,3583,5,No
EMP-589D46AA,31,Research & Development,Manufacturing Director,9,10551,3,No
EMP-E855E024,31,Research & Development,Laboratory Technician,10,5231,10,Yes
EMP-15464D69,31,Sales,Sales Executive,7,3818,2,No
EMP-BA4FDCA0,41,Research & Development,Laboratory Technician,6,4160,3,No
EMP-5384DC60,30,Sales,Regional Manager,2,9949,12,No
EMP-966C17A2,44,Research & Development,Laboratory Technician,14,2768,9,No
EMP-16910733,41,Sales,Sales Representative,8,3781,5,No
EMP-226386E7,28,Research & Development,Research Scientist,32,4297,0,No
EMP-D89BC3A9,45,Engineering,Senior Software Engineer,9,5294,9,No
EMP-E09DB841,18,Research & Development,Laboratory Technician,25,4359,0,No
EMP-98FB7453,33,Research & Development,Laboratory Technician,18,4644,0,No
EMP-8F6125A7,47,Human Resources,HR Generalist,6,4234,6,No
EMP-0A09A3A3,44,Engineering,Software Engineer,25,4965,2,Yes
EMP-567CFAD0,32,Human Resources,HR Director,8,9092,1,No
EMP-15937815,41,Sales,Sales Executive,4,5415,11,No
EMP-7F0C9F13,26,Engineering,Senior Software Engineer,11,6519,7,No
EMP-0D42E40C,48,Engineering,Software Engineer,1,3745,1,No
EMP-36825427,37,Customer Support,Support Specialist,2,3905,12,No
EMP-95C7213D,36,Sales,Regional Manager,7,8667,11,No
EMP-BA70757B,36,Engineering,Engineering Manager,10,8703,2,No
EMP-C8502C92,43,Research & Development,Manufacturing Director,27,7651,0,Yes
EMP-C73603FE,45,Human Resources,HR Director,33,10706,13,No
EMP-A000DF6F,39,Human Resources,HR Generalist,2,5917,3,No
EMP-C1658CD9,41,Customer Support,Customer Success Manager,15,9893,1,No
EMP-3C8A7637,21,Research & Development,Laboratory Technician,1,5188,1,No
EMP-29CC0E14,29,Customer Support,Support Specialist,32,2818,2,Yes
EMP-490407F0,39,Engineering,Software Engineer,2,3108,2,No
EMP-D382C54D,35,Sales,Sales Executive,24,5290,3,No
EMP-65EDBFD5,52,Human Resources,HR Generalist,1,3294,0,Yes
EMP-ADF59F4D,36,Research & Development,Laboratory Technician,15,6605,12,No
EMP-533F9B26,52,Customer Support,Customer Success Manager,6,7593,19,No
EMP-982F542B,46,Human Resources,HR Generalist,3,3106,1,Yes
EMP-E5913011,32,Sales,Regional Manager,4,10578,1,No
EMP-09223087,20,Engineering,Engineering Manager,10,10808,0,No
EMP-ABFE3E4E,50,Sales,Sales Executive,21,3607,1,No
EMP-2DEFBCDE,52,Human Resources,HR Business Partner,3,6490,2,No
EMP-66141F00,26,Customer Support,Support Specialist,1,4087,0,No
EMP-C6E4ABE5,31,Research & Development,Research Scientist,2,4233,2,No
EMP-6E35DD80,26,Engineering,Engineering Manager,11,11474,4,No
EMP-50080E69,43,Engineering,Engineering Manager,6,9084,8,Yes
EMP-7C964F31,40,Engineering,Software Engineer,14,3948,16,No
EMP-25BF265C,18,Sales,Regional Manager,14,11525,0,No
EMP-660428B6,37,Research & Development,Research Scientist,16,4196,1,Yes
EMP-A950A536,24,Customer Support,Support Director,4,9823,6,No
EMP-D41496DE,41,Research & Development,Research Scientist,8,2810,0,No
EMP-13BCA333,44,Engineering,Engineering Manager,2,7350,8,No
EMP-17CEFB77,36,Research & Development,Research Scientist,13,2392,1,Yes
EMP-B53FD7F8,38,Research & Development,Research Scientist,31,3540,2,No
EMP-11938D89,42,Customer Support,Customer Success Manager,11,9509,6,No
EMP-37FB66FF,42,Research & Development,Manufacturing Director,11,9665,11,No
EMP-F0817479,48,Engineering,Software Engineer,3,5079,1,No
EMP-038EBB2B,30,Human Resources,HR Business Partner,8,7171,1,No
EMP-DC964E66,41,Engineering,Senior Software Engineer,2,7395,3,No
EMP-F2B3B741,28,Customer Support,Support Director,4,8181,0,No
EMP-82CE3D9C,26,Research & Development,Research Director,10,11364,2,Yes
EMP-2D43381F,49,Engineering,Senior Software Engineer,11,7077,0,No
EMP-D114841B,25,Human Resources,HR Director,1,10693,2,No
EMP-F509DA5E,25,Customer Support,Support Director,12,6626,1,Yes
EMP-C379D59C,33,Engineering,Senior Software Engineer,11,5796,4,No
EMP-779D8A7D,51,Human Resources,HR Business Partner,7,4833,3,No
EMP-A5CD902C,60,Engineering,Software Engineer,10,4226,1,No
EMP-D4276A6B,36,Engineering,Software Engineer,10,3864,10,No
EMP-73D3ED95,26,Research & Development,Laboratory Technician,14,3610,8,Yes
EMP-9180FD73,40,Customer Support,Support Director,19,10720,0,No
EMP-17070685,34,Engineering,Senior Software Engineer,6,6214,3,No
EMP-87AA4EB4,45,Engineering,Engineering Manager,1,9131,2,No
EMP-B350D7B2,48,Engineering,Senior Software Engineer,26,6658,10,No
EMP-41315323,46,Customer Support,Support Specialist,1,2000,1,No
EMP-0B2BCD7C,35,Sales,Sales Executive,20,3260,2,No
EMP-A4CCB83E,18,Customer Support,Support Specialist,6,6132,0,Yes
EMP-93EC9690,47,Engineering,Senior Software Engineer,5,4257,0,No
EMP-A6CA1EE6,51,Human Resources,HR Director,1,9544,0,No
EMP-99388CDA,42,Human Resources,HR Director,12,8892,4,Yes
EMP-D44F8985,47,Engineering,Senior Software Engineer,14,5902,8,No
EMP-A062EA07,43,Research & Development,Research Director,6,10934,10,Yes
EMP-C0996A16,44,Human Resources,HR Director,4,9140,0,No
EMP-2E25E6DA,37,Sales,Regional Manager,12,7606,19,No
EMP-DCFFD04B,46,Research & Development,Manufacturing Director,7,6279,3,No
EMP-F0591DEC,35,Research & Development,Manufacturing Director,1,9611,0,No
EMP-84286DAD,41,Customer Support,Support Director,2,8893,11,No
EMP-AB16DC5A,37,Sales,Sales Executive,7,4217,0,No
EMP-AAF4FD60,39,Engineering,Senior Software Engineer,19,6154,2,No
EMP-8EBD853E,34,Sales,Regional Manager,1,9872,6,No
EMP-7E3897F9,50,Engineering,Software Engineer,16,3904,12,No
EMP-CB605033,40,Human Resources,HR Director,1,9484,0,No
EMP-4AD1BD2C,50,Customer Support,Support Director,6,9290,8,No
EMP-29330381,29,Customer Support,Customer Success Manager,29,10415,0,No
EMP-569390E4,34,Sales,Sales Executive,6,4744,2,No
EMP-6CE0A701,33,Human Resources,HR Generalist,2,2724,1,Yes
EMP-90AB8F79,37,Research & Development,Research Director,15,7959,4,No
EMP-16CFA790,40,Sales,Sales Executive,11,4970,5,No
EMP-5F412921,56,Sales,Sales Executive,1,3400,9,Yes
EMP-9C0B8CFF,30,Engineering,Engineering Manager,14,10540,0,No
EMP-154B01F1,45,Human Resources,HR Director,16,10530,0,No
EMP-92D040C6,56,Research & Development,Manufacturing Director,1,9613,5,No
EMP-14ECC0DD,59,Research & Development,Research Scientist,1,3596,1,No
EMP-50889225,31,Customer Support,Support Specialist,2,3124,2,No
EMP-063FB982,30,Research & Development,Research Scientist,14,6338,6,No
EMP-739E1203,49,Research & Development,Research Scientist,43,6200,10,No
EMP-11B3E244,20,Engineering,Senior Software Engineer,3,4524,0,No
EMP-06DF04E6,34,Customer Support,Support Specialist,3,3463,16,No
EMP-12248EE1,40,Research & Development,Laboratory Technician,4,4042,3,No
EMP-1EA80CE1,28,Engineering,Software Engineer,1,3340,10,No
EMP-3F31C690,35,Human Resources,HR Generalist,2,2644,2,No
EMP-C00EC805,36,Engineering,Senior Software Engineer,3,4712,2,No
EMP-26EDC7B6,36,Sales,Sales Executive,40,2960,1,Yes
EMP-547A9DE3,47,Sales,Regional Manager,1,10087,3,No
EMP-06538886,41,Sales,Sales Executive,14,4828,3,No
EMP-48973D4A,42,Sales,Sales Representative,3,5096,0,No
EMP-F8B0F3C6,39,Human Resources,HR Business Partner,3,6810,0,No
EMP-66467D42,41,Human Resources,HR Director,16,10010,5,No
EMP-B2195EE0,23,Human Resources,HR Director,1,8430,5,No
EMP-42676629,40,Human Resources,HR Generalist,7,3130,3,No
EMP-B5A0175A,37,Engineering,Senior Software Engineer,1,5381,7,No
EMP-19B11C8C,33,Human Resources,HR Business Partner,1,6036,4,No
EMP-0A776389,35,Sales,Sales Representative,8,5613,8,No
EMP-70EDD693,24,Engineering,Engineering Manager,9,10246,4,No
EMP-756230E6,45,Research & Development,Laboratory Technician,34,5706,1,No
EMP-811C16AC,38,Customer Support,Customer Success Manager,11,10353,0,No
EMP-35A7D6B2,51,Research & Development,Manufacturing Director,12,8892,0,No
EMP-E4B43BA4,29,Engineering,Engineering Manager,54,9716,11,No
EMP-7773D79C,35,Research & Development,Laboratory Technician,12,4778,2,No
EMP-26574895,25,Human Resources,HR Generalist,3,5504,2,No
EMP-7BE6A5F1,40,Sales,Regional Manager,4,9294,2,No
EMP-16D3BF4A,37,Engineering,Software Engineer,7,5171,15,No
EMP-0D1465F7,42,Engineering,Engineering Manager,4,9567,2,No
EMP-B272A3A6,35,Sales,Sales Representative,13,3807,7,No
EMP-7ACBE0F6,44,Engineering,Engineering Manager,8,9263,1,No
EMP-45F5BA9C,43,Sales,Regional Manager,24,6733,18,No
EMP-5F31817D,29,Customer Support,Support Specialist,1,3170,4,No
EMP-AAC1BE67,37,Customer Support,Support Director,1,9347,2,No
EMP-383EBA9D,31,Customer Support,Support Specialist,20,2703,6,Yes
EMP-5A26525B,30,Sales,Sales Representative,14,5824,2,No
EMP-EBC4A2CE,31,Customer Support,Customer Success Manager,13,7168,11,No
EMP-57A91DD1,38,Engineering,Software Engineer,1,3229,3,No
EMP-8D24CDC3,34,Customer Support,Support Specialist,26,5009,4,No
EMP-5A43AF1D,35,Research & Development,Laboratory Technician,5,3589,0,Yes
EMP-93B803DE,18,Sales,Sales Executive,31,3291,0,No
EMP-EC9F5E87,35,Human Resources,HR Business Partner,6,6417,2,No
EMP-3BE4F043,21,Research & Development,Manufacturing Director,17,8150,3,No
EMP-4E7A6145,41,Sales,Regional Manager,1,9621,3,No
EMP-6307AAC6,32,Customer Support,Support Director,9,10112,1,No
EMP-CDA73354,34,Sales,Regional Manager,3,10590,4,No
EMP-C46A63A4,32,Research & Development,Laboratory Technician,5,2973,2,No
EMP-CFBCA978,62,Engineering,Engineering Manager,8,10331,5,No
EMP-8CDF9C31,30,Engineering,Engineering Manager,14,9141,9,No
EMP-2B9226B8,32,Customer Support,Customer Success Manager,6,7788,3,No
EMP-F0C18640,34,Research & Development,Manufacturing Director,12,9736,0,Yes
EMP-CDE8DA1A,50,Sales,Sales Executive,6,3850,0,Yes
EMP-912CB664,33,Customer Support,Support Specialist,2,5708,14,No
EMP-0593962B,49,Sales,Regional Manager,4,9729,2,No
EMP-24B775B1,38,Human Resources,HR Business Partner,1,6403,1,No
EMP-D3EF6BCA,32,Sales,Sales Representative,6,3971,2,Yes
EMP-D8442B49,31,Customer Support,Support Specialist,40,5449,0,No
EMP-47928372,29,Engineering,Senior Software Engineer,13,6216,11,No
EMP-8E78DF1A,40,Research & Development,Research Scientist,6,5557,9,Yes
EMP-49AB1217,33,Sales,Regional Manager,1,8803,1,No
EMP-1B9FF4A9,43,Human Resources,HR Generalist,15,4504,4,No
EMP-7BBE1A8C,56,Human Resources,HR Generalist,4,4149,9,No
EMP-574FB3D4,49,Engineering,Software Engineer,7,5273,10,No
EMP-3BCF66B1,31,Research & Development,Laboratory Technician,15,2326,3,No
EMP-0AEF5175,34,Human Resources,HR Director,4,10542,10,No
EMP-ABF2F698,51,Sales,Sales Representative,4,2000,1,No
EMP-35200858,29,Customer Support,Customer Success Manager,21,10003,7,No
EMP-DA448BEC,43,Research & Development,Research Director,9,8459,1,No
EMP-DF70B614,31,Engineering,Software Engineer,12,2115,5,No
EMP-EC8958D4,53,Human Resources,HR Generalist,14,4224,4,No
EMP-7B377121,31,Research & Development,Research Scientist,21,5332,4,No
EMP-C064A8AB,39,Sales,Sales Executive,2,5555,3,No
EMP-56980C0F,52,Engineering,Senior Software Engineer,6,4862,9,No
EMP-5B369A44,49,Research & Development,Laboratory Technician,2,5361,20,No
EMP-77EA6652,42,Human Resources,HR Business Partner,4,6610,3,No
EMP-D0246C2A,39,Human Resources,HR Business Partner,1,4660,4,No
EMP-12FC5BE8,26,Customer Support,Support Director,6,11525,8,No
EMP-491030C2,39,Research & Development,Research Director,1,9302,0,Yes
EMP-66FDC1E5,43,Human Resources,HR Director,5,8788,10,No
EMP-B8D6CED6,33,Sales,Regional Manager,12,9626,0,No
EMP-88A3DF6F,32,Research & Development,Research Scientist,4,4562,7,No
EMP-B87AF95B,36,Engineering,Senior Software Engineer,17,6553,1,No
EMP-26C6639B,43,Research & Development,Research Scientist,2,5299,1,No
EMP-5C9817F0,34,Research & Development,Laboratory Technician,2,2838,5,No
EMP-287D68A5,61,Customer Support,Support Specialist,24,5555,3,No
EMP-FD4CE078,21,Research & Development,Research Director,3,12628,0,No
EMP-B4AEEEF6,32,Engineering,Engineering Manager,7,9455,1,No
EMP-07CBBC47,26,Sales,Sales Executive,26,4121,8,No
EMP-4ED66C93,32,Engineering,Software Engineer,9,2706,0,No
EMP-C09A973C,25,Sales,Regional Manager,24,8701,7,No
EMP-F26A97D8,44,Customer Support,Customer Success Manager,26,12722,13,No
EMP-B3B02A30,42,Engineering,Software Engineer,7,2899,0,Yes
EMP-484112BC,34,Research & Development,Research Director,22,10683,4,No
EMP-929DA313,34,Customer Support,Support Specialist,1,5590,2,No
EMP-110C6F87,59,Engineering,Engineering Manager,1,7410,23,No
EMP-E32D53DB,30,Sales,Sales Representative,7,3247,3,No
EMP-AA239DF1,52,Engineering,Senior Software Engineer,7,5603,4,No
EMP-8BD23971,47,Engineering,Senior Software Engineer,1,6215,2,Yes
EMP-C0570458,35,Sales,Sales Executive,6,4730,17,No
EMP-2067AD65,53,Customer Support,Support Specialist,18,2000,6,Yes
EMP-8F8C896B,49,Customer Support,Support Director,22,9522,15,No
EMP-843CB93C,40,Sales,Regional Manager,5,10783,7,No
EMP-C74FF6E0,40,Engineering,Engineering Manager,1,11614,13,No
EMP-B09A6B9E,18,Human Resources,HR Director,9,8771,0,Yes
EMP-5F487855,43,Human Resources,HR Generalist,3,3461,1,No
EMP-C41723B2,53,Customer Support,Support Specialist,33,3245,8,No
EMP-F0155374,39,Sales,Sales Representative,3,3095,8,No
EMP-5312E51F,37,Customer Support,Support Director,6,7579,1,No
EMP-B87F2049,24,Customer Support,Support Director,5,12126,2,No
EMP-CD69673D,38,Sales,Sales Executive,4,3561,0,No
EMP-02707B4A,26,Sales,Sales Executive,4,2850,0,No
EMP-7841CA52,57,Research & Development,Laboratory Technician,9,4093,8,No
EMP-3A3E02AD,49,Human Resources,HR Generalist,16,2000,2,Yes
EMP-D5DA38F7,32,Customer Support,Support Specialist,5,6114,7,No
EMP-12B84764,32,Sales,Regional Manager,2,8383,2,No
EMP-2B8B4B89,42,Sales,Sales Executive,16,2252,7,No
EMP-54A00F00,21,Customer Support,Customer Success Manager,18,11459,3,No
EMP-A609E8FC,30,Customer Support,Support Specialist,6,4746,9,No
EMP-E5372900,58,Sales,Sales Executive,8,4052,9,No
EMP-0D72BB27,43,Customer Support,Customer Success Manager,1,7594,5,No
EMP-081E9ED7,29,Engineering,Software Engineer,1,6092,2,No
EMP-DAA6AEFE,34,Human Resources,HR Director,4,8039,6,No
EMP-8CC0936A,43,Human Resources,HR Director,1,11227,13,No
EMP-D7DE0736,32,Research & Development,Laboratory Technician,8,4638,3,No
EMP-D42BDB1A,47,Sales,Sales Executive,5,3768,0,Yes
EMP-8FCB9AA7,34,Research & Development,Manufacturing Director,1,11943,7,No
EMP-F31B7823,25,Research & Development,Research Scientist,1,4161,2,No
EMP-52CBC87A,36,Research & Development,Manufacturing Director,1,9460,1,No
EMP-3E9819EC,46,Customer Support,Customer Success Manager,6,10330,3,Yes
EMP-0A2FF596,40,Human Resources,HR Business Partner,13,4013,4,No
EMP-9F37A766,28,Research & Development,Research Director,15,9285,2,No
EMP-E6C842FC,38,Human Resources,HR Director,13,11673,11,No
EMP-87C51E36,38,Research & Development,Research Scientist,7,4981,1,Yes
EMP-42243B53,37,Human Resources,HR Director,1,10470,2,No
EMP-1C9E977F,38,Research & Development,Manufacturing Director,8,8300,2,No
EMP-F3E80383,43,Customer Support,Support Director,4,10160,7,No
EMP-E0A276DC,23,Research & Development,Manufacturing Director,1,9515,2,No
EMP-BF33ECF2,37,Engineering,Senior Software Engineer,6,5266,1,Yes
EMP-30CB426E,26,Customer Support,Support Specialist,15,4277,2,Yes
EMP-66EC5FE3,54,Sales,Regional Manager,21,10415,9,Yes
EMP-6EEB28AF,22,Customer Support,Customer Success Manager,6,11406,4,Yes
EMP-37901318,51,Sales,Sales Representative,5,3337,2,No
EMP-33FDFC7B,55,Human Resources,HR Generalist,60,2210,3,No
EMP-EF0BC512,32,Research & Development,Manufacturing Director,1,9067,4,Yes
EMP-D7ED5DA1,23,Engineering,Software Engineer,11,4258,5,No
EMP-A9B7607E,29,Sales,Sales Executive,46,2498,2,Yes
EMP-01B4B596,35,Human Resources,HR Director,15,11481,7,No
EMP-A56F9D54,46,Engineering,Software Engineer,28,4504,4,No
EMP-DE188983,32,Customer Support,Customer Success Manager,14,7902,5,No
EMP-10085628,26,Customer Support,Support Specialist,6,4986,6,No
EMP-FDB2158A,29,Research & Development,Manufacturing Director,2,9747,1,No
EMP-E7BA0B36,42,Engineering,Software Engineer,7,2075,1,No
EMP-00EFE263,37,Customer Support,Support Director,20,10012,9,No
EMP-3CB2263C,56,Engineering,Senior Software Engineer,2,6125,5,No
EMP-AAD41746,45,Human Resources,HR Generalist,1,3368,7,No
EMP-C909C374,48,Research & Development,Research Scientist,6,2428,2,Yes
EMP-A5E83E04,42,Customer Support,Support Director,1,9782,12,No
EMP-D358A21D,50,Human Resources,HR Director,4,10124,3,No
EMP-97A4AFC5,35,Customer Support,Customer Success Manager,7,10833,0,No
EMP-5496E409,42,Research & Development,Research Director,12,8381,4,No
EMP-DEB27586,36,Engineering,Engineering Manager,4,8245,3,No
EMP-2CF53E60,41,Engineering,Engineering Manager,1,10142,11,No
EMP-7C8BC993,54,Research & Development,Manufacturing Director,1,9367,5,No
EMP-50872350,34,Sales,Sales Representative,1,2169,0,No
EMP-1FB76B72,36,Human Resources,HR Generalist,1,3633,5,No
EMP-86BCB382,38,Sales,Regional Manager,1,9199,14,No
EMP-D7144B02,34,Sales,Sales Executive,26,4096,3,No
EMP-442B148D,36,Sales,Regional Manager,1,9180,2,No
EMP-72CBF664,34,Engineering,Software Engineer,4,6437,0,No
EMP-ADDD2AD7,34,Engineering,Engineering Manager,16,9303,0,No
EMP-8AA301F3,20,Research & Development,Research Director,2,10844,2,No
EMP-F6305FFE,18,Customer Support,Support Director,8,8427,0,Yes
EMP-86474D2A,43,Sales,Regional Manager,11,7430,0,Yes
EMP-77CD2C50,31,Sales,Regional Manager,2,9536,4,No
EMP-FD12A6BF,36,Customer Support,Support Director,8,8738,0,No
EMP-1F7B2BDB,45,Customer Support,Support Director,23,10609,0,No
EMP-E1ED0286,43,Customer Support,Customer Success Manager,11,9003,11,No
EMP-6CE12CC0,39,Customer Support,Support Specialist,8,3265,0,Yes
EMP-6501F7C8,62,Human Resources,HR Generalist,2,4361,1,No
EMP-762F2ADB,33,Sales,Sales Representative,19,6612,2,No
EMP-E87F2EDE,34,Research & Development,Manufacturing Director,1,9913,1,No
EMP-FD4847D0,45,Human Resources,HR Director,12,8913,19,No
EMP-174FE46C,31,Customer Support,Support Specialist,12,5990,13,No
EMP-168293B4,47,Engineering,Senior Software Engineer,27,6948,0,Yes
EMP-5D56A6B2,45,Sales,Regional Manager,30,10151,1,No
EMP-ABE8A152,58,Engineering,Software Engineer,2,4052,4,No
EMP-99DEEC3B,29,Customer Support,Support Specialist,5,2559,3,No
EMP-D6644CD3,33,Customer Support,Customer Success Manager,3,6007,0,Yes
EMP-B1B36997,51,Sales,Regional Manager,1,10075,0,No
EMP-3DD4E87D,29,Human Resources,HR Business Partner,30,7279,6,Yes
EMP-D2F713F4,25,Human Resources,HR Director,7,8411,0,Yes
EMP-524DA2BA,38,Human Resources,HR Generalist,1,5852,5,Yes
EMP-46D1BE2F,41,Engineering,Software Engineer,2,2000,4,Yes
EMP-1829295E,28,Customer Support,Support Specialist,2,3025,2,No
EMP-B3406767,40,Engineering,Software Engineer,10,2307,3,Yes
EMP-7D477B64,24,Human Resources,HR Generalist,6,3658,2,No
EMP-59795B01,44,Human Resources,HR Business Partner,1,6864,0,No
EMP-9397C2ED,38,Research & Development,Manufacturing Director,19,10667,0,Yes
EMP-8A70A2DC,63,Engineering,Engineering Manager,19,11654,0,No
EMP-E0655A2A,32,Research & Development,Research Scientist,20,2258,13,No
EMP-4773D6C8,33,Engineering,Software Engineer,17,2863,11,No
EMP-A0464DA6,42,Research & Development,Laboratory Technician,24,2582,3,Yes
EMP-A148DFEC,36,Sales,Sales Executive,4,2864,4,No
EMP-EF5CDBBA,34,Human Resources,HR Generalist,51,3950,3,Yes
EMP-8E435677,44,Research & Development,Research Director,1,9557,1,No
EMP-9D2E03E2,31,Human Resources,HR Generalist,16,4945,1,No
EMP-C88906F2,38,Customer Support,Customer Success Manager,2,8974,7,No
EMP-EE28C51F,44,Research & Development,Manufacturing Director,15,9855,0,No
EMP-50087F8F,43,Engineering,Engineering Manager,11,10989,8,No
EMP-7FB8FD68,26,Engineering,Software Engineer,10,6938,1,Yes
EMP-4A510C89,42,Sales,Sales Executive,2,2591,0,Yes
EMP-15771F4E,51,Human Resources,HR Director,4,8744,3,Yes
EMP-99E65179,55,Research & Development,Laboratory Technician,4,2715,16,No
EMP-44912782,37,Human Resources,HR Business Partner,7,6971,6,No
EMP-CDED57DA,44,Sales,Sales Representative,12,4394,26,No
EMP-136EE72C,48,Human Resources,HR Business Partner,11,5444,5,Yes
EMP-55F249EB,48,Engineering,Software Engineer,23,3207,1,No
EMP-50994AD8,24,Customer Support,Support Specialist,45,5913,3,No
EMP-B1053E36,32,Sales,Sales Representative,10,2407,0,No
EMP-F52E9269,44,Research & Development,Research Director,18,9794,0,Yes
EMP-BA7EA56C,41,Sales,Regional Manager,1,9195,1,No
EMP-27C6CF25,42,Customer Support,Support Specialist,15,5779,6,No
EMP-B8FA82A4,40,Customer Support,Support Director,10,7796,0,No
EMP-A27DD6A3,37,Research & Development,Laboratory Technician,1,4527,13,No
EMP-2A4CB8D1,54,Sales,Sales Representative,7,4871,9,No
EMP-9F99D811,29,Research & Development,Research Director,12,9530,2,Yes
EMP-D2D5502D,45,Research & Development,Laboratory Technician,5,4624,4,No
EMP-5770990B,43,Engineering,Senior Software Engineer,1,4427,3,No
EMP-590AE281,44,Research & Development,Research Scientist,4,4273,7,No
EMP-8155AD4F,45,Engineering,Software Engineer,5,4194,1,No
EMP-E3F51F49,36,Sales,Sales Representative,1,5334,2,Yes
EMP-0E570546,42,Human Resources,HR Business Partner,11,4598,3,No
EMP-81EF4FF4,39,Engineering,Software Engineer,18,3607,6,No
EMP-C703F978,33,Sales,Sales Executive,21,4603,1,Yes
EMP-80C2A551,39,Sales,Regional Manager,2,10178,1,No
EMP-5D734644,47,Research & Development,Manufacturing Director,1,9504,8,No
EMP-9D5DA851,46,Customer Support,Support Specialist,25,3270,2,No
EMP-7D876582,49,Human Resources,HR Business Partner,7,5371,5,No
EMP-783951E6,27,Human Resources,HR Generalist,18,4442,1,Yes
EMP-39D491B1,37,Sales,Regional Manager,13,9689,1,No
EMP-F275F0C2,26,Research & Development,Manufacturing Director,13,8269,4,No
EMP-C419D61E,34,Human Resources,HR Director,11,10441,6,No
EMP-FD37F840,34,Customer Support,Support Director,6,8290,2,No
EMP-8A4DDF38,49,Human Resources,HR Generalist,2,2651,6,No
EMP-A04152D6,39,Sales,Sales Executive,9,4849,0,Yes
EMP-D2013E0D,33,Customer Support,Support Specialist,9,4846,15,Yes
EMP-E001BA9C,53,Research & Development,Research Scientist,5,4794,0,No
EMP-62B5E229,37,Sales,Sales Executive,7,4096,4,No
EMP-6BE2176E,18,Customer Support,Customer Success Manager,6,8948,0,No
EMP-DEDF1E1B,18,Engineering,Software Engineer,8,2954,0,No
EMP-07A3C74F,38,Research & Development,Laboratory Technician,2,4363,3,No
EMP-9102B2B8,43,Engineering,Engineering Manager,1,11906,8,No
EMP-864B591D,23,Customer Support,Customer Success Manager,17,8510,5,No
EMP-F38FC3C3,40,Engineering,Engineering Manager,13,10559,9,No
EMP-7D3D985B,31,Engineering,Software Engineer,7,4208,0,No
EMP-A1B5DD04,41,Customer Support,Support Director,30,11614,1,No
EMP-F1D69018,24,Research & Development,Manufacturing Director,9,10177,6,No
EMP-C2E41F4E,46,Research & Development,Manufacturing Director,19,10305,0,Yes
EMP-68992C32,50,Customer Support,Support Specialist,6,2695,1,No
EMP-7CBEF457,18,Research & Development,Research Director,4,11076,0,No
EMP-332EE4D3,34,Customer Support,Support Director,1,9513,9,No
EMP-76C4AD0A,38,Research & Development,Research Director,4,9752,13,No
EMP-E36C22F2,47,Engineering,Engineering Manager,14,10135,2,No
EMP-8D5BF6A8,24,Engineering,Engineering Manager,3,9489,6,No
EMP-DC34EFBC,41,Research & Development,Laboratory Technician,6,4652,0,Yes
EMP-AA8FC983,36,Research & Development,Laboratory Technician,6,3337,4,No
EMP-FE532CF6,48,Customer Support,Customer Success Manager,7,9128,0,No
EMP-A3DE02CB,44,Customer Support,Customer Success Manager,7,10704,3,No
EMP-FFD27127,40,Research & Development,Manufacturing Director,24,8804,0,No
EMP-A40825BA,42,Customer Support,Support Specialist,3,3680,5,No
EMP-7E62E714,61,Sales,Regional Manager,5,10627,1,No
EMP-E051E40C,46,Sales,Regional Manager,10,11011,1,Yes
EMP-8E5AA84D,18,Human Resources,HR Generalist,1,3892,0,No
EMP-61D29EA8,49,Sales,Regional Manager,25,8938,11,No
EMP-D94DEE32,22,Research & Development,Laboratory Technician,15,4175,1,Yes
EMP-A1D22045,29,Human Resources,HR Director,7,8672,1,No
EMP-9423ACEB,36,Human Resources,HR Business Partner,20,4573,4,Yes
EMP-40AD39E0,35,Customer Support,Customer Success Manager,1,9921,4,No
EMP-24CE29FE,58,Engineering,Engineering Manager,15,9034,6,No
EMP-C47AF667,36,Sales,Regional Manager,2,10328,4,No
EMP-0AF1936D,34,Human Resources,HR Generalist,2,3264,2,No
EMP-C6153B00,49,Human Resources,HR Generalist,12,5922,5,No
EMP-CBD5D7B8,34,Sales,Regional Manager,1,8836,9,No
EMP-6FEFA9B1,30,Customer Support,Support Specialist,4,4772,12,No
EMP-E699284F,50,Engineering,Engineering Manager,3,10085,1,No
EMP-52FD5236,44,Customer Support,Support Director,11,10850,4,No
EMP-56776CBF,54,Engineering,Software Engineer,3,4529,2,No
EMP-CFB1516E,34,Research & Development,Research Director,7,10503,6,No
EMP-1477905A,49,Research & Development,Research Director,16,9305,6,No
EMP-DFA151C6,18,Engineering,Software Engineer,9,3503,0,No
EMP-6D31D0E2,26,Engineering,Software Engineer,37,2000,5,No
EMP-18DB556E,34,Research & Development,Research Scientist,8,3914,0,No
EMP-95001E5A,43,Research & Development,Manufacturing Director,6,10404,2,Yes
EMP-69D75733,34,Research & Development,Research Scientist,2,4686,14,No
EMP-61861DC2,42,Customer Support,Support Specialist,2,4566,0,Yes
EMP-A6BDC858,30,Sales,Sales Representative,13,4921,1,No
EMP-F043BE66,40,Engineering,Software Engineer,2,3945,2,No
EMP-1FCC20DB,31,Research & Development,Laboratory Technician,6,3603,2,No
EMP-FF9383BC,47,Engineering,Senior Software Engineer,7,6680,0,Yes
EMP-EBCBDE64,32,Sales,Regional Manager,9,9778,5,No
EMP-C5D0FC7B,43,Research & Development,Research Scientist,24,3408,8,No
EMP-01A6594F,45,Human Resources,HR Generalist,24,2000,1,No
EMP-8B1108D9,45,Customer Support,Support Specialist,26,4803,0,No
EMP-3B0257C6,40,Sales,Sales Executive,1,3765,5,No
EMP-3EAF213D,29,Human Resources,HR Director,3,9674,3,Yes
EMP-856E174E,42,Research & Development,Research Director,9,10527,3,No
EMP-6FFA10FE,31,Engineering,Software Engineer,5,3566,0,No
EMP-E2F5AC28,34,Engineering,Software Engineer,5,2311,0,Yes
EMP-DC6D5A53,50,Customer Support,Support Director,1,12242,14,No
EMP-78E8BF53,51,Customer Support,Support Specialist,5,3069,0,Yes
EMP-BE4E59CB,55,Sales,Sales Executive,4,3801,1,No
EMP-E6C3DF2C,45,Sales,Regional Manager,25,10427,2,No
EMP-B1381D71,18,Engineering,Software Engineer,2,4124,0,Yes
EMP-4EC22003,29,Research & Development,Laboratory Technician,5,2000,6,Yes
EMP-0FB6CD8D,40,Engineering,Software Engineer,6,4724,7,No
EMP-3AF20E7F,32,Human Resources,HR Generalist,1,4207,0,No
EMP-0865B36A,50,Engineering,Engineering Manager,3,9395,2,No
EMP-E0999297,25,Sales,Sales Representative,1,5037,0,Yes
EMP-010AA076,34,Sales,Sales Executive,8,3270,0,Yes
EMP-C5ECD0EB,35,Human Resources,HR Business Partner,9,5672,4,Yes
EMP-E482277A,21,Human Resources,HR Generalist,4,4393,0,No
EMP-F9A784C6,41,Sales,Sales Executive,38,3744,5,No
EMP-1FF90AA7,40,Research & Development,Research Director,1,10407,22,No
EMP-44791C34,40,Customer Support,Support Specialist,2,3223,2,No
EMP-6DB5AAB7,29,Research & Development,Manufacturing Director,2,11954,2,No
EMP-3E992701,41,Human Resources,HR Business Partner,16,5867,3,No
EMP-ECC5ED71,43,Human Resources,HR Business Partner,1,5364,1,No
EMP-DA6125C9,46,Human Resources,HR Director,1,9230,0,No
EMP-90B96BFF,20,Sales,Sales Executive,8,3942,2,No
EMP-352C1F8F,28,Research & Development,Manufacturing Director,1,9405,8,No
EMP-ED75E515,35,Engineering,Engineering Manager,1,10106,0,No
EMP-B9C72AEC,53,Engineering,Software Engineer,4,4921,5,Yes
EMP-39E5F4FA,41,Engineering,Engineering Manager,1,9786,1,No
EMP-C7B6D8C5,41,Sales,Sales Representative,1,5651,1,No
